timestep,aqi,voltage,energy,wind_speed,concentration
100,43.06967362011061,2.9320000000000004,328.50000000000006,2.9320000000000004,10.603994087686553
200,41.39751614514749,3.1425,389.1114,3.1425,10.285382953928652
300,46.2165263112779,2.776333333333333,310.0932,2.776333333333333,11.664480228689474
400,46.561280568493224,2.7215,293.553,2.7215,11.74280937317421
500,45.36729582142283,2.7847999999999997,302.40432,2.7847999999999997,11.349753093184374
600,48.59986953189523,2.5893333333333333,268.02,2.5893333333333333,12.565514643514849
700,49.429444308885024,2.527857142857143,254.19857142857143,2.527857142857143,12.747434371882461
800,47.4765192984612,2.670625,284.18895,2.670625,12.168186402161984
900,47.837186681563374,2.635888888888889,275.53560000000004,2.635888888888889,12.235935985475646
1000,49.16204812189468,2.547,259.12584,2.547,12.701932520147716
1100,68.88513036034706,1.4309999999999987,74.5235999999999,1.4309999999999987,20.60456198767523
1200,60.1239386471512,1.9134999999999993,146.97179999999994,1.9134999999999993,16.955673361212654
1300,54.61339844631066,2.213333333333333,193.9272,2.213333333333333,14.79450811589341
1400,50.02137316341493,2.5102499999999996,251.03250000000003,2.5102499999999996,13.27059892580372
1500,48.786335557050315,2.5732000000000004,259.50384,2.5732000000000004,12.718779819762283
1600,47.61132032897559,2.635666666666667,269.11320000000006,2.635666666666667,12.27114334578337
1700,48.668905785783814,2.5584285714285713,253.81285714285718,2.5584285714285713,12.554384469620228
1800,51.682402654198434,2.4247499999999995,233.45460000000003,2.4247499999999995,13.793386549127508
1900,51.44880894742867,2.4267777777777777,232.36920000000003,2.4267777777777777,13.643325799787725
2000,51.386917535544654,2.4206999999999996,230.01444,2.4206999999999996,13.547720764663456
2100,47.083276969780876,2.5980000000000003,247.06080000000003,2.5980000000000003,11.40620552067439
2200,46.384237304309806,2.6385,256.81140000000005,2.6385,11.341663889239262
2300,46.36322079312889,2.648,259.0224,2.648,11.304216166364473
2400,45.47378675366238,2.7155,273.83940000000007,2.7155,11.078684503503334
2500,45.10505749935277,2.7371999999999996,278.00928000000005,2.7371999999999996,10.99152997808229
2600,45.40570725286719,2.7148333333333334,272.56860000000006,2.7148333333333334,11.035996250725098
2700,45.55370558800567,2.7030000000000003,269.6662285714286,2.7030000000000003,11.059128553788712
2800,45.81554951511755,2.68475,265.91130000000004,2.68475,11.127935123949664
2900,45.81761589906768,2.6832222222222226,265.2884000000001,2.6832222222222226,11.120780951291927
3000,48.24549464888996,2.5755999999999997,249.16968000000003,2.5755999999999997,12.114383403189146
3100,53.206316392205714,2.2239999999999993,180.30239999999998,2.2239999999999993,13.288171395130805
3200,51.191975678518496,2.3455,200.3382,2.3455,12.5850151041166
3300,49.829645067638396,2.4243333333333337,214.1916,2.4243333333333337,12.183946821752572
3400,49.66503164151198,2.4345,216.37440000000004,2.4345,12.156378484033182
3500,49.965684039268595,2.4158000000000004,213.76296000000002,2.4158000000000004,12.303105168055074
3600,50.541660861230596,2.3795,207.951,2.3795,12.529826155812149
3700,50.194624922919765,2.4014285714285712,211.57302857142855,2.4014285714285712,12.399944928922858
3800,51.719380557596104,2.323,199.9422,2.323,13.03961816741898
3900,52.65494113754253,2.2652222222222216,190.9732,2.2652222222222216,13.418886634702819
4000,51.96010620037624,2.3068,198.25416,2.3068,13.188698713237281
4100,49.233712077892996,2.46,220.1832,2.46,11.979896295795047
4200,50.62371017655105,2.408,218.95559999999998,2.408,12.936835966478101
4300,51.34875060835014,2.349666666666667,207.6516,2.349666666666667,13.117357065920501
4400,51.27496046250708,2.34675,206.08289999999997,2.34675,13.028916250667976
4500,51.69827889121209,2.3167999999999997,200.47968,2.3167999999999997,13.142501198062758
4600,53.58724435862924,2.223333333333333,186.99839999999998,2.223333333333333,13.94094584526774
4700,54.54161448415533,2.163285714285714,177.37148571428568,2.163285714285714,14.309559087101968
4800,54.38440208811591,2.1694999999999998,177.86069999999995,2.1694999999999998,14.217365996197595
4900,54.05043409922237,2.1866666666666665,180.02399999999997,2.1866666666666665,14.052247952791022
5000,53.9644121809088,2.1889,179.84843999999998,2.1889,13.985870507481525
5100,50.05045115114259,2.414,211.06799999999996,2.414,12.151725709514508
5200,54.61967137528973,2.1494999999999997,172.53899999999993,2.1494999999999997,14.16521378926458
5300,54.723165355502836,2.1366666666666667,169.16399999999996,2.1366666666666667,14.106896017795343
5400,54.17602673740952,2.165,173.46959999999996,2.165,13.89241970640456
5500,55.592171794894135,2.0881999999999996,162.53639999999996,2.0881999999999996,14.51223147743586
5600,55.54759255806868,2.088833333333333,162.61619999999996,2.088833333333333,14.50182310060276
5700,55.61302670849543,2.0825714285714283,161.6348571428571,2.0825714285714283,14.533960474702102
5800,55.77240433220461,2.074875,160.56944999999996,2.074875,14.601823691781064
5900,55.529265494094744,2.09,162.98879999999994,2.09,14.509288228168138
6000,55.672861173005586,2.0810999999999993,161.51003999999998,2.0810999999999993,14.561322732537421
6100,55.113393479697464,2.1439999999999997,170.28719999999998,2.1439999999999997,14.20338691205184
6200,54.32207601309781,2.1729999999999996,173.78999999999996,2.1729999999999996,13.832540935249124
6300,56.471764883150996,2.040666666666666,154.50239999999997,2.040666666666666,14.806168016634402
6400,56.045017798534,2.0622499999999997,157.78709999999995,2.0622499999999997,14.640879392910232
6500,55.96178761808872,2.0595999999999997,156.78287999999995,2.0595999999999997,14.585228592076222
6600,56.77902976930845,2.0226666666666664,152.06279999999995,2.0226666666666664,14.96311957369035
6700,56.463201388938565,2.0388571428571427,154.19725714285707,2.0388571428571427,14.809760254075279
6800,56.65606527965136,2.026375,152.34254999999993,2.026375,14.898511724525209
6900,56.45725483537789,2.0378888888888884,154.18359999999996,2.0378888888888884,14.826206740670985
7000,56.08732936396683,2.0584999999999996,157.09715999999995,2.0584999999999996,14.65778959706363
7100,55.83886948299301,2.0539999999999994,154.58399999999992,2.0539999999999994,14.452594142711842
7200,55.776242038653066,2.0719999999999996,157.70879999999994,2.0719999999999996,14.404127146717016
7300,56.46524612690393,2.0453333333333332,155.08799999999997,2.0453333333333332,14.768391558003689
7400,56.61820572599052,2.0332499999999993,153.69929999999994,2.0332499999999993,14.883192779094502
7500,56.322896266134386,2.0451999999999995,155.01455999999993,2.0451999999999995,14.738790752822318
7600,56.503795120786684,2.0339999999999994,153.63239999999996,2.0339999999999994,14.843982688420773
7700,56.46103874984948,2.0365714285714276,153.93291428571425,2.0365714285714276,14.813691784145039
7800,55.95291408526617,2.0647499999999996,157.86899999999997,2.0647499999999996,14.582168130299433
7900,56.2315802400538,2.0459999999999994,154.94239999999996,2.0459999999999994,14.700564847898063
8000,56.092514126680776,2.0569999999999995,156.66407999999996,2.0569999999999995,14.635623698337767
8100,54.028386944999575,2.1619999999999995,170.60399999999993,2.1619999999999995,13.6746756373219
8200,55.013796060222376,2.1179999999999994,165.03479999999996,2.1179999999999994,14.108073059562871
8300,54.291810091154886,2.161666666666666,171.18839999999994,2.161666666666666,13.762562016998817
8400,54.746696787520584,2.1334999999999997,166.91039999999992,2.1334999999999997,13.958119178887296
8500,55.03840862605772,2.1179999999999994,164.60495999999995,2.1179999999999994,14.082954641100661
8600,54.871331600956196,2.1291666666666664,166.19459999999998,2.1291666666666664,13.994256815022315
8700,55.07419848464812,2.1135714285714284,163.8550285714285,2.1135714285714284,14.096205326663554
8800,55.12579321577969,2.1109999999999998,163.53629999999993,2.1109999999999998,14.121072844349813
8900,54.95568323735583,2.120444444444444,164.77359999999996,2.120444444444444,14.035985635927771
9000,55.03340964871239,2.115299999999999,163.94507999999996,2.115299999999999,14.068157964060335
9100,55.60125266338926,2.0599999999999996,154.36079999999995,2.0599999999999996,14.295086749508487
9200,57.76612798457073,1.9439999999999995,138.58559999999994,1.9439999999999995,15.320934977040226
9300,57.635670237042866,1.9469999999999996,138.8507999999999,1.9469999999999996,15.262473065143773
9400,57.080790799092576,1.9802499999999992,143.57249999999993,1.9802499999999992,14.996836191236055
9500,56.76631637293193,2.0016,147.21551999999997,2.0016,14.885999468081168
9600,56.56761022053514,2.017,149.6231999999999,2.017,14.790123263295442
9700,56.28750608112635,2.032285714285714,151.63097142857137,2.032285714285714,14.65350506052589
9800,56.07706222496991,2.0493749999999995,154.55294999999995,2.0493749999999995,14.57744381207957
9900,55.709069125949284,2.0721111111111106,158.00039999999996,2.0721111111111106,14.417966305018208
10000,55.912461855467875,2.0627,156.75731999999994,2.0627,14.507520450600866
10100,54.29929190872473,2.159,169.91639999999998,2.159,13.697423594878991
10200,54.630723794348434,2.1624999999999996,172.39859999999996,2.1624999999999996,13.904485818711821
10300,56.95751870065067,2.0529999999999995,157.65239999999994,2.0529999999999995,14.984887337364647
10400,56.78134181929356,2.0482499999999995,156.06629999999998,2.0482499999999995,14.888106831506533
10500,56.036478959887816,2.0873999999999997,161.38295999999997,2.0873999999999997,14.529850382019093
10600,55.79079610311305,2.0969999999999995,162.45359999999997,2.0969999999999995,14.410314637189039
10700,55.55839194334398,2.1048571428571425,163.17359999999996,2.1048571428571425,14.295198058535789
10800,55.55355868952022,2.1048749999999994,163.32254999999998,2.1048749999999994,14.303390405336394
10900,55.58167925471946,2.1028888888888884,163.18399999999994,2.1028888888888884,14.329195410267202
11000,55.26855872449664,2.1213999999999995,165.79727999999997,2.1213999999999995,14.17596180140782
11100,55.54610952570027,2.088999999999999,161.1251999999999,2.088999999999999,14.33041757106254
11200,56.143761933957286,2.0534999999999997,155.52179999999996,2.0534999999999997,14.580259338323039
11300,55.338465405291004,2.0956666666666663,161.36279999999994,2.0956666666666663,14.230214441611245
11400,55.8925955625732,2.0687499999999996,157.70969999999997,2.0687499999999996,14.478687557080512
11500,56.0068989829069,2.0605999999999995,156.36311999999995,2.0605999999999995,14.522598311284128
11600,56.798644679764365,2.0256666666666665,152.14679999999996,2.0256666666666665,14.902379001194962
11700,56.84816133358936,2.0244285714285715,152.0079428571428,2.0244285714285715,14.922156492651052
11800,56.282870096503146,2.057499999999999,156.88259999999994,2.057499999999999,14.672854093197325
11900,56.33637235680091,2.0547777777777774,156.81239999999997,2.0547777777777774,14.724685564380652
12000,56.29785225418198,2.0560999999999994,156.89987999999994,2.0560999999999994,14.7033655821361
12100,52.28843980906205,2.2790000000000004,187.77959999999993,2.2790000000000004,12.840404035076244
12200,54.3393515864183,2.177,174.1032,2.177,13.755336711873765
12300,54.339777737787834,2.1649999999999996,171.36839999999998,2.1649999999999996,13.73305903202657
12400,54.344997086479914,2.1639999999999997,172.02779999999998,2.1639999999999997,13.814717241757245
12500,55.12681568020834,2.1235999999999997,166.40495999999996,2.1235999999999997,14.164510224516961
12600,54.56945310478369,2.159,171.51359999999997,2.159,13.889594912669466
12700,55.034931813948155,2.1298571428571424,167.17628571428565,2.1298571428571424,14.100420998488723
12800,55.33551189649759,2.1141249999999996,164.94435,2.1141249999999996,14.233128676361835
12900,54.904085055438046,2.138444444444444,168.61279999999996,2.138444444444444,14.05535478489552
13000,54.92115336907081,2.1391999999999998,168.92639999999997,2.1391999999999998,14.069735705584925
13100,50.785067864469944,2.3729999999999993,203.67,2.3729999999999993,12.340717088807464
13200,53.34563220393782,2.216999999999999,180.32399999999998,2.216999999999999,13.45718113869851
13300,54.33354203617061,2.1596666666666664,171.50999999999996,2.1596666666666664,13.848720699906286
13400,54.04070011862323,2.1742499999999993,173.24009999999996,2.1742499999999993,13.697151144473064
13500,54.84866873578277,2.1327999999999996,167.65487999999993,2.1327999999999996,14.062525674821627
13600,55.178985497422524,2.1126666666666667,164.91959999999997,2.1126666666666667,14.22728791454397
13700,55.363943670743545,2.1065714285714283,164.2021714285714,2.1065714285714283,14.29827952781741
13800,55.462638625977725,2.104125,163.94534999999996,2.104125,14.330705532893603
13900,55.17021613683689,2.1207777777777777,166.13319999999993,2.1207777777777777,14.1811682091715
14000,55.21147510345958,2.1188999999999996,165.94307999999995,2.1188999999999996,14.205696662954432
14100,55.314301932368174,2.0860000000000003,158.74559999999997,2.0860000000000003,14.165782905348381
14200,53.05147544083352,2.2249999999999996,181.03679999999997,2.2249999999999996,13.316951948838495
14300,54.57322636516144,2.1416666666666666,168.85319999999996,2.1416666666666666,13.96245661249702
14400,55.49798895014481,2.0929999999999995,161.86319999999995,2.0929999999999995,14.361352904417206
14500,55.13901179680609,2.1142,165.09671999999998,2.1142,14.210122031163081
14600,55.33424214502241,2.1076666666666664,164.30039999999997,2.1076666666666664,14.2824072739177
14700,55.049440336201485,2.125142857142857,166.6573714285714,2.125142857142857,14.129633835254031
14800,55.390759397212186,2.1063749999999994,164.10644999999997,2.1063749999999994,14.295961574144957
14900,55.40560983564025,2.106888888888889,164.17439999999996,2.106888888888889,14.291804606864353
15000,55.04357964930599,2.1296999999999997,167.43923999999996,2.1296999999999997,14.114252835500798
15100,54.654762134053406,2.1379999999999995,168.3431999999999,2.1379999999999995,13.967032506557171
15200,54.40626139755239,2.1674999999999995,174.68459999999993,2.1674999999999995,13.989581425455958
15300,54.000571026766465,2.181666666666666,175.68839999999997,2.181666666666666,13.768818080198262
15400,54.744669088864086,2.13975,169.20989999999995,2.13975,14.063926355965545
15500,54.738134969952604,2.1365999999999996,168.17111999999997,2.1365999999999996,14.024159717088132
15600,54.794622624538725,2.135333333333333,168.05279999999993,2.135333333333333,14.043250139329508
15700,55.05937519196358,2.1228571428571428,166.29839999999996,2.1228571428571428,14.151973921901595
15800,55.00784784020538,2.122375,165.82724999999994,2.122375,14.112259690860377
15900,55.0409594376679,2.121666666666666,165.96279999999996,2.121666666666666,14.143161723868742
16000,55.383124985462,2.1015999999999995,162.97704,2.1015999999999995,14.293700505632241
16100,54.10632300601037,2.1679999999999993,170.95680000000007,2.1679999999999993,13.58423244304057
16200,55.389295364929836,2.105,162.69119999999998,2.105,14.200070316584707
16300,55.44198421315329,2.0916666666666663,160.19879999999995,2.0916666666666663,14.225581978618223
16400,54.90724828541461,2.13175,167.56830000000002,2.13175,14.085313651719789
16500,55.39106533917763,2.1086,164.35943999999995,2.1086,14.291326984569707
16600,55.01973679662871,2.131333333333333,167.65319999999997,2.131333333333333,14.110632325620703
16700,55.15705612637394,2.125285714285714,167.1474857142857,2.125285714285714,14.197375707104927
16800,55.23962412123437,2.1194999999999995,166.1931,2.1194999999999995,14.223342032809636
16900,54.873325053735556,2.1407777777777777,169.14279999999997,2.1407777777777777,14.047248762974432
17000,55.06004649192416,2.1317,168.02099999999993,2.1317,14.14049512320322
17100,53.08243334974401,2.2289999999999996,181.40760000000003,2.2289999999999996,13.290254689378125
17200,54.631105199296414,2.1285,165.81779999999998,2.1285,13.940934078505002
17300,55.78335270213816,2.068666666666666,157.42799999999997,2.068666666666666,14.453118741188307
17400,54.699490023386915,2.14275,168.43949999999998,2.14275,13.92165662547335
17500,54.91076374394261,2.1311999999999998,166.87727999999996,2.1311999999999998,14.017641056897526
17600,55.30125049130894,2.1179999999999994,165.5904,2.1179999999999994,14.205556252193986
17700,54.85880811449848,2.1409999999999996,168.78497142857137,2.1409999999999996,14.012075552939935
17800,55.24776290839931,2.1123749999999997,164.33054999999996,2.1123749999999997,14.188273931067021
17900,55.15077226614364,2.115555555555555,164.52399999999997,2.115555555555555,14.134551743906943
18000,55.135691877249265,2.1213999999999995,165.63527999999997,2.1213999999999995,14.123167848168046
18100,55.387904178770114,2.0869999999999997,159.31079999999997,2.0869999999999997,14.21506983757404
18200,54.57677039070319,2.1310000000000002,166.80959999999996,2.1310000000000002,13.983998154507002
18300,55.49035980064167,2.0969999999999995,162.52679999999998,2.0969999999999995,14.359731514753172
18400,55.70478620549325,2.0869999999999997,161.07299999999995,2.0869999999999997,14.430563555897116
18500,54.89034684856968,2.1398,168.67799999999997,2.1398,14.024611389641759
18600,55.628177054166734,2.110833333333333,165.09779999999998,2.110833333333333,14.36776799133387
18700,55.46042672411975,2.1138571428571424,165.00394285714282,2.1138571428571424,14.27842634397545
18800,55.60304537819982,2.1049999999999995,163.65689999999998,2.1049999999999995,14.341397854915101
18900,55.81000949836544,2.0918888888888882,161.75079999999997,2.0918888888888882,14.435554239853506
19000,55.43698468869456,2.1138999999999997,164.85731999999996,2.1138999999999997,14.2547714036161
19100,55.87901010171907,2.0799999999999996,161.40239999999997,2.0799999999999996,14.633251553851956
19200,58.047927102813425,1.9944999999999995,149.88779999999994,1.9944999999999995,15.55797748734487
19300,56.510460494738716,2.0676666666666663,159.19079999999997,2.0676666666666663,14.793739068162408
19400,56.529739596376274,2.0612499999999994,158.06429999999997,2.0612499999999994,14.78921351107414
19500,56.14559418432757,2.0763999999999996,159.69599999999997,2.0763999999999996,14.59459526637724
19600,55.893347471079466,2.094333333333333,162.50759999999994,2.094333333333333,14.472176479366293
19700,56.13792355635823,2.0819999999999994,160.81302857142853,2.0819999999999994,14.581997785769122
19800,55.672408117488786,2.1073749999999993,164.24594999999994,2.1073749999999993,14.355782606062984
19900,55.86622629598944,2.101111111111111,163.78239999999997,2.101111111111111,14.462975175059151
20000,55.984466769314544,2.0942,162.78911999999994,2.0942,14.514296235066094
20100,51.68273256669396,2.345,198.2843999999999,2.345,12.446078771649136
20200,55.39077412825789,2.1604999999999994,173.67299999999994,2.1604999999999994,14.207917640145725
20300,54.447068470356704,2.200333333333333,178.878,2.200333333333333,13.797735715274657
20400,55.225558513366856,2.17475,175.97969999999998,2.17475,14.155046842766215
20500,55.96361356505877,2.1373999999999995,170.74583999999996,2.1373999999999995,14.498278251978284
20600,55.4809063320004,2.153,172.20239999999998,2.153,14.262407811629215
20700,55.809573284526664,2.1345714285714283,169.62891428571422,2.1345714285714283,14.423350341493139
20800,56.00200938413773,2.1182499999999997,167.07059999999998,2.1182499999999997,14.510312024564085
20900,55.68460147556841,2.130444444444444,168.44639999999998,2.130444444444444,14.357923712478842
21000,55.90016090360703,2.1180999999999996,166.82939999999996,2.1180999999999996,14.46667703268002
21100,51.83662777618783,2.318999999999999,196.18919999999997,2.318999999999999,12.776447148450556
21200,53.078774222443606,2.2454999999999994,184.41899999999995,2.2454999999999994,13.231361484935906
21300,54.17064467307361,2.1903333333333332,176.75879999999995,2.1903333333333332,13.709158318070186
21400,54.03864145874078,2.1889999999999996,175.60799999999995,2.1889999999999996,13.621018337056691
21500,54.272673568815314,2.1745999999999994,173.84759999999997,2.1745999999999994,13.760825007986016
21600,54.806913290589875,2.139833333333333,168.74819999999997,2.139833333333333,14.014091923739118
21700,54.12119022288708,2.1798571428571423,174.83502857142855,2.1798571428571423,13.736542593117223
21800,54.44214080156749,2.1637499999999994,172.57139999999995,2.1637499999999994,13.871002788692472
21900,54.25551145435211,2.1759999999999997,174.23759999999996,2.1759999999999997,13.767344217081419
22000,54.43328914270097,2.1754999999999995,174.65579999999997,2.1754999999999995,13.851103896023515
22100,57.56477063493764,2.008999999999999,150.99479999999997,2.008999999999999,15.228759580877414
22200,54.70763685456099,2.1659999999999995,172.72439999999997,2.1659999999999995,13.891595783409294
22300,55.08659074272127,2.1416666666666666,169.74359999999996,2.1416666666666666,14.121073165932334
22400,55.73905727506448,2.1082499999999995,165.0681,2.1082499999999995,14.411863267917575
22500,55.01181293325389,2.148,170.3808,2.148,14.055801358648408
22600,55.356186807390074,2.126333333333333,167.19359999999995,2.126333333333333,14.215102832737257
22700,55.038021371866364,2.141857142857143,169.2714857142857,2.141857142857143,14.070681957141776
22800,55.12803911015082,2.147,170.7012,2.147,14.137185593796671
22900,55.40765134283375,2.133111111111111,168.91839999999996,2.133111111111111,14.274288526701461
23000,55.0158130053911,2.1558,172.09007999999997,2.1558,14.082268112134841
23100,54.90064214225802,2.1349999999999993,170.3772,2.1349999999999993,14.27409772281229
23200,56.327674545634146,2.0559999999999996,157.63679999999997,2.0559999999999996,14.793014901323891
23300,54.60874551760769,2.167,173.60039999999998,2.167,13.92865851384076
23400,54.95982965577585,2.1502499999999993,171.35009999999994,2.1502499999999993,14.072108556748722
23500,54.554759117939824,2.1755999999999993,174.90095999999997,2.1755999999999993,13.861659552834404
23600,55.059790488955876,2.1629999999999994,173.75279999999995,2.1629999999999994,14.091108596018428
23700,55.46409921037144,2.1349999999999993,169.54097142857137,2.1349999999999993,14.279802088716314
23800,54.72677241451466,2.175375,175.56614999999994,2.175375,13.978254832103035
23900,54.918912102311154,2.1642222222222216,173.96079999999998,2.1642222222222216,14.059902601642017
24000,55.03390257515581,2.1580999999999992,173.07683999999998,2.1580999999999992,14.104939754042418
24100,51.2524600552212,2.3599999999999994,200.988,2.3599999999999994,12.376126544975017
24200,54.4781453900464,2.203499999999999,179.97299999999996,2.203499999999999,13.835505308798265
24300,53.91427576502771,2.2286666666666664,182.95679999999996,2.2286666666666664,13.540175653479624
24400,53.84348547857945,2.2259999999999995,183.05099999999996,2.2259999999999995,13.595963799505713
24500,54.703165065596465,2.1883999999999997,178.33247999999998,2.1883999999999997,14.00598418485458
24600,53.83163715253636,2.2344999999999997,185.09819999999993,2.2344999999999997,13.643315627013475
24700,54.309735657547364,2.206428571428571,180.99822857142854,2.206428571428571,13.855411388348221
24800,54.74631703606634,2.1712499999999992,175.26059999999998,2.1712499999999992,14.040310499949564
24900,54.4825353167604,2.1839999999999993,176.70159999999996,2.1839999999999993,13.897224209483264
25000,54.735007288931456,2.1668999999999996,174.07979999999998,2.1668999999999996,14.007879258785511
25100,53.43761835820289,2.2159999999999997,179.83440000000002,2.2159999999999997,13.433878622732127
25200,55.19399973808752,2.1829999999999994,178.08479999999997,2.1829999999999994,14.239734007245369
25300,55.93460108553087,2.1379999999999995,171.54479999999995,2.1379999999999995,14.561551989721984
25400,54.95044377554239,2.1817499999999996,176.93909999999997,2.1817499999999996,14.0790887542992
25500,55.45890913224314,2.1503999999999994,172.40831999999997,2.1503999999999994,14.307890890665915
25600,56.1197451582599,2.1183333333333327,167.98799999999994,2.1183333333333327,14.607519481059716
25700,55.38442586536807,2.1577142857142855,173.48605714285713,2.1577142857142855,14.260702742404247
25800,55.59871570247141,2.1418749999999993,171.03554999999997,2.1418749999999993,14.354009828093725
25900,55.49028904383309,2.1416666666666666,170.56919999999997,2.1416666666666666,14.29497700263916
26000,55.50127334767734,2.1462,171.66815999999997,2.1462,14.319939240332555
26100,55.95378421253301,2.0959999999999996,163.82879999999997,2.0959999999999996,14.517126888088185
26200,53.84059923634615,2.2165,180.27899999999997,2.2165,13.49579820871242
26300,54.309111325693806,2.183,175.54199999999997,2.183,13.751186769285766
26400,55.73732543559998,2.1127499999999997,165.91049999999996,2.1127499999999997,14.410899510290447
26500,54.99529051472246,2.153,171.29448,2.153,14.047832579808663
26600,54.99214541502031,2.1493333333333333,170.57279999999997,2.1493333333333333,14.04382774420515
26700,54.74320151786009,2.161285714285714,172.05891428571428,2.161285714285714,13.91894925754943
26800,54.54567037829604,2.173625,174.36644999999996,2.173625,13.877573873767233
26900,54.833941961873805,2.1597777777777774,172.58719999999997,2.1597777777777774,14.011619506639061
27000,54.49001180825627,2.1809,175.59611999999996,2.1809,13.841366357864155
27100,54.14279451774522,2.174,176.92559999999997,2.174,14.050033419050123
27200,56.18500270248873,2.1034999999999995,167.4846,2.1034999999999995,14.907629475635154
27300,53.519815953249754,2.2429999999999994,188.38679999999997,2.2429999999999994,13.810446415760268
27400,54.72767057071087,2.1924999999999994,181.14839999999995,2.1924999999999994,14.294238378687366
27500,53.99573502570602,2.2256,185.40864000000002,2.2256,13.943300345539399
27600,53.83656606349774,2.2319999999999998,186.04799999999997,2.2319999999999998,13.839030920395539
27700,54.26294937676085,2.206285714285714,182.0108571428571,2.206285714285714,13.99482869863936
27800,53.6757320308015,2.2362499999999996,186.23339999999996,2.2362499999999996,13.73754023214761
27900,54.2233933752006,2.2135555555555553,183.23199999999994,2.2135555555555553,13.980400810973855
28000,54.452337959289885,2.2005999999999997,181.47239999999996,2.2005999999999997,14.087364979889735
28100,47.819884904610966,2.5460000000000007,233.5752000000001,2.5460000000000007,11.45516008052905
28200,50.84437890783749,2.3685,205.32420000000002,2.3685,12.561075020146715
28300,51.337891029877404,2.348333333333333,201.24839999999998,2.348333333333333,12.617386924201236
28400,52.1121579800379,2.3064999999999998,194.75459999999998,2.3064999999999998,12.905309882415377
28500,52.91137620829638,2.2721999999999998,190.01160000000002,2.2721999999999998,13.242912304085406
28600,52.2749657946594,2.305,194.9748,2.305,13.006068051683826
28700,52.78941400646204,2.2742857142857145,190.30217142857137,2.2742857142857145,13.211945971520123
28800,53.08971689392082,2.256375,187.88984999999997,2.256375,13.367654387552397
28900,52.99037896208132,2.261111111111111,188.1584,2.261111111111111,13.29077057349455
29000,53.250090300220734,2.2432999999999996,185.34995999999995,2.2432999999999996,13.40016592365788
29100,50.8527725219779,2.36,204.8184,2.36,12.699978627109749
29200,52.86533753310258,2.2554999999999996,188.8614,2.2554999999999996,13.46129148058953
29300,54.60690384115837,2.1403333333333325,170.40359999999995,2.1403333333333325,14.140848089986042
29400,53.69213208251927,2.2029999999999994,179.32499999999996,2.2029999999999994,13.656581361544923
29500,54.44655225266992,2.164999999999999,173.87207999999998,2.164999999999999,13.972337222744317
29600,54.30669526436161,2.1691666666666665,174.67259999999996,2.1691666666666665,13.948637830057853
29700,53.92146502112463,2.195428571428571,178.24011428571427,2.195428571428571,13.728030893185359
29800,54.28070806933836,2.1736249999999995,174.84974999999997,2.1736249999999995,13.869892089823377
29900,53.9640457415924,2.1921111111111107,177.67719999999997,2.1921111111111107,13.742222827817177
30000,54.161167315384944,2.1860999999999993,177.10811999999999,2.1860999999999993,13.842632575932585
30100,54.13506783433042,2.1609999999999996,172.18439999999998,2.1609999999999996,13.845200917668318
30200,52.09748298383771,2.2909999999999995,191.7504,2.2909999999999995,12.949122825853788
30300,53.03052895784331,2.2306666666666666,182.60879999999997,2.2306666666666666,13.359893592217668
30400,52.884650131543424,2.2394999999999996,184.6386,2.2394999999999996,13.359710285088235
30500,52.54250307542409,2.2694,188.82071999999997,2.2694,13.128045286755011
30600,52.921327907192705,2.2489999999999997,185.70719999999997,2.2489999999999997,13.272183090993266
30700,52.65721452204811,2.263571428571429,188.22291428571427,2.263571428571429,13.19864540940147
30800,52.76279523531585,2.2587499999999996,187.47629999999998,2.2587499999999996,13.233790587109354
30900,52.977978815270426,2.245333333333333,185.50159999999997,2.245333333333333,13.331543764789219
31000,52.59464982165877,2.2678999999999996,188.95283999999998,2.2678999999999996,13.178749534714122
31100,55.578462693330614,2.109,166.83479999999997,2.109,14.495829119096342
31200,54.50291600475466,2.1639999999999997,175.40639999999996,2.1639999999999997,14.1267475944481
31300,52.51954053608269,2.2790000000000004,192.5772,2.2790000000000004,13.293933979159753
31400,52.772227153557175,2.25825,188.50229999999996,2.25825,13.342135709025742
31500,52.00761641291331,2.3004,195.22512,2.3004,13.07258107528061
31600,51.939120532688165,2.3041666666666667,195.7998,2.3041666666666667,13.044428971862509
31700,52.20801883068239,2.2874285714285714,193.1358857142857,2.2874285714285714,13.147888561472275
31800,51.89660842926492,2.306875,195.88004999999998,2.306875,12.996887060355307
31900,52.14745398251304,2.291555555555555,193.3864,2.291555555555555,13.08659939981975
32000,52.40951105464051,2.2758,190.91016,2.2758,13.189974180255188
32100,48.15151810345917,2.5300000000000007,230.67360000000008,2.5300000000000007,11.528748632536622
32200,50.34005678819994,2.4015,210.0546,2.4015,12.317677742003719
32300,50.22130739606851,2.4066666666666667,210.7584,2.4066666666666667,12.280788545835067
32400,50.97138639013463,2.366,204.55739999999997,2.366,12.570447754667077
32500,51.771387322799725,2.3238,198.50328,2.3238,12.911529496223404
32600,51.76978244148856,2.3263333333333334,198.2592,2.3263333333333334,12.836645199961445
32700,52.14822478827944,2.3,193.81165714285711,2.3,12.97040666024301
32800,52.367993090284514,2.2853749999999997,191.68964999999997,2.2853749999999997,13.079007951457443
32900,52.22634768771523,2.2976666666666663,193.35879999999997,2.2976666666666663,12.977228975979122
33000,52.45380541080423,2.2840999999999996,191.19852,2.2840999999999996,13.059276162650633
33100,52.1692117681758,2.3100000000000005,192.65759999999997,2.3100000000000005,12.655972126499924
33200,52.30339944032186,2.288,190.20239999999998,2.288,12.875578445881807
33300,52.37162452351771,2.2816666666666667,189.78599999999997,2.2816666666666667,12.967097229629678
33400,52.06652701952643,2.3097499999999997,193.9257,2.3097499999999997,12.768301310109887
33500,52.33612447693814,2.2915999999999994,191.21615999999997,2.2915999999999994,12.898009144993724
33600,52.498956266760665,2.2786666666666666,189.31439999999998,2.2786666666666666,12.99119087461011
33700,52.25458425788408,2.2977142857142856,192.1957714285714,2.2977142857142856,12.861355568146546
33800,52.46860211842942,2.2837499999999995,190.15829999999997,2.2837499999999995,12.964507057030755
33900,52.295154465780584,2.2921111111111108,191.4716,2.2921111111111108,12.909607518716282
34000,52.29221858250063,2.2906999999999997,191.2662,2.2906999999999997,12.918293005684998
34100,53.27358082808771,2.227,182.9124,2.227,13.489962845217315
34200,51.107051790264876,2.3564999999999996,202.7358,2.3564999999999996,12.607038004612907
34300,51.27510254938822,2.344,200.40720000000002,2.344,12.64483091787137
34400,51.297756332790506,2.3364999999999996,199.5318,2.3364999999999996,12.70710067876815
34500,51.365020673937565,2.3388,199.35503999999997,2.3388,12.649720059946256
34600,51.72027907944599,2.317833333333333,195.78539999999998,2.317833333333333,12.759072057245852
34700,51.594910932591965,2.3258571428571426,196.9400571428571,2.3258571428571426,12.699139778609657
34800,51.63113606578773,2.323625,196.96814999999998,2.323625,12.749249378325343
34900,51.755880917639516,2.3137777777777777,195.54160000000002,2.3137777777777777,12.81924168840279
35000,51.69369825385054,2.3216,196.59240000000003,2.3216,12.755835184307426
35100,53.412133698175055,2.2100000000000004,176.8968,2.2100000000000004,13.272825350756126
35200,53.00061472652367,2.2455000000000003,182.65139999999997,2.2455000000000003,13.064228298730345
35300,51.79523135340577,2.312,193.93919999999997,2.312,12.70770848118326
35400,52.26148898907926,2.2847500000000003,190.43189999999996,2.2847500000000003,12.953505657358829
35500,51.77042653648534,2.3125999999999998,194.85576,2.3125999999999998,12.780718337708109
35600,51.89171381393145,2.308,194.14199999999997,2.308,12.811733896211445
35700,52.192354136944466,2.2905714285714285,191.31839999999997,2.2905714285714285,12.916258884503828
35800,52.04089110354196,2.3046249999999997,193.39154999999994,2.3046249999999997,12.817541473709502
35900,52.16952728905214,2.294333333333333,191.9372,2.294333333333333,12.893449146937096
36000,52.11977169454261,2.2953999999999994,192.54023999999998,2.2953999999999994,12.920588443612196
36100,49.04649806199311,2.4789999999999996,221.3604,2.4789999999999996,11.760217192062528
36200,50.78810273097462,2.3785,205.731,2.3785,12.417454342723927
36300,51.01166463314859,2.375333333333333,204.59279999999995,2.375333333333333,12.384355756330706
36400,51.09024614785641,2.3662499999999995,203.33429999999996,2.3662499999999995,12.4538240226208
36500,51.28086551706802,2.3509999999999995,200.96135999999998,2.3509999999999995,12.549768983628052
36600,51.42761683666875,2.343,199.2924,2.343,12.566848306179384
36700,51.74612134310097,2.3248571428571427,196.5353142857143,2.3248571428571427,12.691882389704444
36800,52.085312239806036,2.304,193.2453,2.304,12.823534362522196
36900,51.81753527933557,2.319222222222222,195.64439999999996,2.319222222222222,12.727130943704905
37000,51.99475701970571,2.3073999999999995,193.77144,2.3073999999999995,12.79943375184591
37100,49.67224597471483,2.433,213.78599999999994,2.433,12.018739463667565
37200,50.235114701877094,2.3979999999999997,209.7504,2.3979999999999997,12.351764322782001
37300,50.854618703417145,2.360333333333333,204.24360000000001,2.360333333333333,12.62414231788507
37400,50.21676596953652,2.39975,210.3003,2.39975,12.363757340707709
37500,51.12150298527987,2.3491999999999997,202.18895999999998,2.3491999999999997,12.675634034992687
37600,51.59733275245867,2.3251666666666666,198.21419999999998,2.3251666666666666,12.815586257081037
37700,51.25398254183429,2.3459999999999996,201.31714285714287,2.3459999999999996,12.670276266877773
37800,51.45821362179122,2.3333749999999998,199.13354999999996,2.3333749999999998,12.733734250377452
37900,51.407896876282706,2.337999999999999,199.68959999999998,2.337999999999999,12.689912514710016
38000,51.489167327172424,2.3336000000000006,199.09224,2.3336000000000006,12.729465350596634
38100,52.717137768543246,2.252,186.86879999999996,2.252,13.294124138559715
38200,50.36695626249353,2.3925,209.0034,2.3925,12.402471282765518
38300,51.323065112237245,2.3369999999999997,200.16359999999997,2.3369999999999997,12.751202870626203
38400,51.94902537672795,2.3017499999999997,194.11469999999997,2.3017499999999997,12.931601991956628
38500,51.73081840159354,2.3227999999999995,197.01791999999998,2.3227999999999995,12.766944252246104
38600,52.1549913842278,2.2954999999999997,192.50939999999997,2.2954999999999997,12.919709253568927
38700,51.99716353242078,2.308142857142857,194.25959999999995,2.308142857142857,12.821326682817027
38800,52.19016669921373,2.2966249999999997,192.32504999999998,2.2966249999999997,12.884541877939988
38900,52.403410545494765,2.284,190.32079999999996,2.284,12.963728340498673
39000,51.98432399538209,2.3080999999999996,194.28011999999998,2.3080999999999996,12.823353686307607
39100,53.13755079863642,2.2390000000000003,181.87559999999993,2.2390000000000003,13.13511422365008
39200,53.75144196448138,2.1965,175.38299999999995,2.1965,13.417682233627117
39300,52.994298044692556,2.245,182.9388,2.245,13.104370091698211
39400,53.03168014427811,2.247,183.52439999999996,2.247,13.116374236177881
39500,52.02158910524446,2.3033999999999994,193.00824,2.3033999999999994,12.805521144105773
39600,52.29387656969744,2.2875,190.49099999999999,2.2875,12.906982816421024
39700,52.54817365478356,2.2714285714285714,187.92,2.2714285714285714,13.005224248885705
39800,52.47346011131462,2.27775,188.7003,2.27775,12.948565711789904
39900,52.60769342539055,2.2687777777777773,187.32919999999996,2.2687777777777773,13.008355094385305
40000,52.64314037316237,2.2653000000000003,186.95915999999997,2.2653000000000003,13.045828800091249
40100,48.77598466457639,2.492,223.6032,2.492,11.694229488066332
40200,50.77509214792577,2.377,205.37279999999998,2.377,12.412640408908997
40300,49.99807147342557,2.415,212.37,2.415,12.23682468674557
40400,50.57251706952973,2.3859999999999997,207.4734,2.3859999999999997,12.396785924842737
40500,51.15950759853765,2.352,201.74112,2.352,12.581060459747809
40600,50.620817288087004,2.3826666666666667,206.7624,2.3826666666666667,12.402110473643951
40700,51.138970032105064,2.356,202.72114285714284,2.356,12.595518150612305
40800,51.55097772579233,2.33275,198.99449999999996,2.33275,12.737752452835133
40900,51.47678321030486,2.340888888888888,200.04559999999998,2.340888888888888,12.668354334825077
41000,51.71678419561074,2.3255,197.4762,2.3255,12.753754125978757
41100,47.7482671144449,2.541,233.09640000000002,2.541,11.504119277962293
41200,50.067614874990426,2.4075,211.22820000000004,2.4075,12.296132681629219
41300,50.921215737729426,2.36,203.736,2.36,12.602256177861221
41400,51.02438146841003,2.3642499999999997,203.68529999999998,2.3642499999999997,12.518168850015677
41500,51.49132942299226,2.3358,199.15415999999996,2.3358,12.696041938442683
41600,51.768621082429455,2.318833333333333,196.809,2.318833333333333,12.838936886395464
41700,51.41558002884645,2.3397142857142854,199.9686857142857,2.3397142857142854,12.694885222055918
41800,51.711117971746326,2.3216249999999996,197.05634999999998,2.3216249999999996,12.804510855718645
41900,51.428181311748844,2.336222222222222,199.44639999999998,2.336222222222222,12.715436970190037
42000,51.47000579972084,2.333,199.11959999999996,2.333,12.751327403058871
42100,50.97231498961319,2.3599999999999994,203.45040000000006,2.3599999999999994,12.572166451660694
42200,49.62348625378341,2.4385000000000003,215.92260000000002,2.4385000000000003,12.082745643251874
42300,50.69742227309405,2.380333333333333,206.3892,2.380333333333333,12.426228844977055
42400,51.11253832177183,2.35375,202.4955,2.35375,12.623972433989461
42500,51.10644746529553,2.3623999999999996,203.37264000000002,2.3623999999999996,12.530721708287164
42600,51.48573812205543,2.339,199.56719999999996,2.339,12.667511676879748
42700,51.68698229080375,2.3259999999999996,197.1174857142857,2.3259999999999996,12.715128440727081
42800,51.740254628155455,2.3223749999999996,196.61625,2.3223749999999996,12.744588192168496
42900,51.888691017797576,2.312333333333333,195.1196,2.312333333333333,12.814901809171442
43000,51.64235045059006,2.3266,197.33616,2.3266,12.72211351341
43100,53.070190339872724,2.231,182.19959999999992,2.231,13.321807027566884
43200,52.59524600287909,2.2609999999999997,187.50239999999994,2.2609999999999997,13.184441489436598
43300,52.148379080163565,2.3013333333333335,193.13039999999998,2.3013333333333335,12.869552131188291
43400,52.477535522252985,2.2819999999999996,189.88379999999998,2.2819999999999996,12.974869589825762
43500,51.952925856612005,2.3106,194.39495999999997,2.3106,12.792402088662643
43600,51.89064862769244,2.312833333333333,194.8242,2.312833333333333,12.783177030743177
43700,51.972773930950396,2.306142857142857,193.7658857142857,2.306142857142857,12.82352387401994
43800,51.66894775268433,2.3253749999999997,196.78994999999998,2.3253749999999997,12.701798645984319
43900,51.802058796289025,2.3183333333333334,195.75959999999998,2.3183333333333334,12.753904910303147
44000,51.897956595597876,2.3106999999999998,194.58971999999997,2.3106999999999998,12.803687804224113
44100,48.7386300696487,2.494,223.9704,2.494,11.685264385283686
44200,50.28668147074401,2.3994999999999997,208.7982,2.3994999999999997,12.251572098494556
44300,50.81936355009814,2.3773333333333335,204.6648,2.3773333333333335,12.341280416786773
44400,51.305123771119376,2.3485,199.935,2.3485,12.507644661313115
44500,51.7826507785924,2.3199999999999994,195.42095999999995,2.3199999999999994,12.685939988594626
44600,51.04462106584751,2.3621666666666665,202.68059999999997,2.3621666666666665,12.464282523270173
44700,51.26277588306687,2.347428571428571,200.41405714285713,2.347428571428571,12.561952926919213
44800,51.31924549467229,2.34325,200.01059999999998,2.34325,12.6109883372908
44900,51.09762157908345,2.357333333333333,202.2,2.357333333333333,12.520955197992965
45000,51.332528676493425,2.3438999999999997,200.0322,2.3438999999999997,12.60322630105917
45100,49.14541349718363,2.468,219.59279999999995,2.468,11.825378496832716
45200,50.37176590763674,2.398,208.7712,2.398,12.285698189962632
45300,50.808445829768246,2.37,204.54,2.37,12.477141751298905
45400,50.10886505223376,2.41,211.1202,2.41,12.242748357691639
45500,50.722079460394326,2.3752,205.81344,2.3752,12.482485342669207
45600,51.01353565125818,2.359,203.292,2.359,12.590074369508281
45700,50.62990905726038,2.3825714285714286,207.0596571428571,2.3825714285714286,12.442968604978992
45800,50.85807417703453,2.369125,204.93585,2.369125,12.528223356255415
45900,50.97376308544982,2.365111111111111,203.9968,2.365111111111111,12.528155664561702
46000,51.046486494336,2.3602999999999996,203.19804000000002,2.3602999999999996,12.554833881006559
46100,51.58298891150685,2.324,196.75439999999998,2.324,12.717391226353316
46200,50.753368963187185,2.385,206.11440000000002,2.385,12.317127050094378
46300,51.34024264359562,2.347,200.66039999999998,2.347,12.602020994441041
46400,51.261118058361625,2.3467499999999997,201.08970000000002,2.3467499999999997,12.640384761201434
46500,50.87968314743304,2.3682,204.35832000000002,2.3682,12.4944756294916
46600,51.27706359802713,2.3434999999999997,200.34179999999998,2.3434999999999997,12.637374038701557
46700,50.85870977664194,2.3675714285714284,204.24805714285716,2.3675714285714284,12.493170284083057
46800,50.8499189118382,2.368,204.4503,2.368,12.501868915882026
46900,50.99337898583908,2.359111111111111,203.19280000000003,2.359111111111111,12.571062365872821
47000,50.770969178389954,2.3731,205.40052000000003,2.3731,12.482301700704081
47100,53.99618471026615,2.1919999999999997,176.23439999999994,2.1919999999999997,13.600556662273382
47200,53.74106813919661,2.2099999999999995,178.66799999999995,2.2099999999999995,13.441325999885263
47300,52.946234540885094,2.264333333333333,186.73799999999994,2.264333333333333,13.056963472521684
47400,53.09802115838018,2.2544999999999993,185.34059999999997,2.2544999999999993,13.131292154955695
47500,52.41518786122241,2.2898,191.00951999999995,2.2898,12.914502767815943
47600,52.34465215812783,2.2908333333333335,191.56139999999996,2.2908333333333335,12.9401802059314
47700,52.599568725822174,2.2774285714285716,190.0316571428571,2.2774285714285716,13.086419919664742
47800,52.184013171119666,2.3012499999999996,193.71059999999997,2.3012499999999996,12.927639521907917
47900,52.2718438454557,2.294222222222222,192.70879999999997,2.294222222222222,12.97910975568787
48000,52.23439771468401,2.2946,193.03704,2.2946,12.998728645226686
48100,47.94506726516471,2.5400000000000005,232.4880000000001,2.5400000000000005,11.482802480775549
48200,50.312363515237145,2.4015000000000004,211.03380000000004,2.4015000000000004,12.412350242903958
48300,50.533861361654495,2.394,209.0016,2.394,12.38699859817067
48400,50.862097142503956,2.37325,205.74630000000002,2.37325,12.520604934920502
48500,51.33668058344497,2.344,201.168,2.344,12.71135785841554
48600,50.95717276176742,2.366333333333333,204.498,2.366333333333333,12.553324354724959
48700,51.25057125902168,2.349571428571428,201.99034285714285,2.349571428571428,12.67478959614168
48800,51.32948254957232,2.341625,200.80665000000002,2.341625,12.725437667610086
48900,51.241316305301275,2.3505555555555557,201.9668,2.3505555555555557,12.648587121871094
49000,51.486253848658755,2.3353999999999995,199.53216,2.3353999999999995,12.73969926192069
49100,47.70731694551014,2.548,233.95680000000004,2.548,11.447243268750297
49200,49.73576828536082,2.4240000000000004,214.05960000000002,2.4240000000000004,12.203209537669013
49300,50.52940609816076,2.379,206.9676,2.379,12.493834035765026
49400,50.9457232531166,2.3592500000000003,202.8357,2.3592500000000003,12.537395531563707
49500,51.45346633587199,2.3282,197.79768,2.3282,12.722792134128543
49600,51.67069068360198,2.316666666666667,196.13639999999998,2.316666666666667,12.815377069419664
49700,51.36173969536079,2.335714285714286,199.04194285714289,2.335714285714286,12.68680673382297
49800,51.569883640313044,2.325,197.33759999999998,2.325,12.754128093550595
49900,51.389633789066416,2.3371111111111107,199.212,2.3371111111111107,12.673542708630885
50000,51.516876004144,2.3295,198.02484,2.3295,12.723522973481995
50100,52.760728073989384,2.262,187.7832,2.262,13.201577956631859
50200,50.85012513011966,2.3735,205.0686,2.3735,12.464526517091924
50300,51.33162389932751,2.3416666666666663,200.14439999999996,2.3416666666666663,12.667111778087515
50400,51.796174738243444,2.31825,196.3143,2.31825,12.803515526069509
50500,51.332149743888316,2.3473999999999995,200.78279999999998,2.3473999999999995,12.608777754386384
50600,51.79213457395428,2.3191666666666664,196.49939999999998,2.3191666666666664,12.80786765822957
50700,51.412381048030305,2.340142857142857,199.84679999999997,2.340142857142857,12.674470233806023
50800,51.508720357775964,2.3352500000000003,199.16099999999997,2.3352500000000003,12.713582392262197
50900,51.70612534436846,2.323,197.22199999999998,2.323,12.790455224200736
51000,51.36223817914148,2.3426,200.36159999999998,2.3426,12.669025891735437
51100,53.69526859104505,2.2169999999999996,181.14839999999995,2.2169999999999996,13.536053698611259
51200,52.8346914538322,2.2595,188.07299999999995,2.2595,13.285384662853367
51300,51.853963312126275,2.314666666666666,196.1352,2.314666666666666,12.873352713550041
51400,52.31853842512946,2.2897499999999997,192.2985,2.2897499999999997,13.043520709092125
51500,52.13859611960808,2.3062,194.39496,2.3062,12.894647859976867
51600,52.22108664222519,2.298666666666666,193.22759999999997,2.298666666666666,12.942409525345383
51700,52.358490631964635,2.2901428571428566,192.01628571428566,2.2901428571428566,13.007720519057402
51800,52.317831046770614,2.29325,192.141,2.29325,12.955668426227803
51900,52.5287131734008,2.280222222222222,190.212,2.280222222222222,13.050831283813588
52000,52.52542511512784,2.2792,190.05912,2.2792,13.05545314751485
52100,51.737009277852664,2.338,196.89840000000004,2.338,12.469142439277402
52200,52.764509840353924,2.2679999999999993,186.6024,2.2679999999999993,12.964873597955462
52300,52.41129948727317,2.296,191.02319999999995,2.296,12.790689468493085
52400,52.79572179577051,2.2769999999999997,188.62919999999997,2.2769999999999997,12.973257410329216
52500,53.13167154491246,2.2555999999999994,185.51664000000002,2.2555999999999994,13.132867670986288
52600,52.82464050239134,2.276666666666667,188.65559999999996,2.276666666666667,12.98366526069268
52700,53.382295138734605,2.2528571428571422,185.97599999999997,2.2528571428571422,13.286589305528661
52800,53.3335490948199,2.2513749999999995,185.83155,2.2513749999999995,13.293920871019122
52900,52.9273705786467,2.2741111111111105,189.32199999999997,2.2741111111111105,13.135560268281301
53000,53.10332353564686,2.2612999999999994,187.29756,2.2612999999999994,13.212760884634514
53100,49.661394322721684,2.4509999999999996,216.4644,2.4509999999999996,11.899272888267985
53200,51.09996505585125,2.3659999999999997,203.32080000000002,2.3659999999999997,12.460504559323647
53300,51.811094692520506,2.326,196.9536,2.326,12.707703731807454
53400,51.78754654163646,2.3324999999999996,197.6778,2.3324999999999996,12.64100136351546
53500,52.44887124201648,2.29,191.16144,2.29,12.925902418832884
53600,53.17317191577558,2.2526666666666664,185.88239999999996,2.2526666666666664,13.247489886886274
53700,52.55394390564383,2.286428571428571,191.1934285714285,2.286428571428571,13.027570001358177
53800,52.77134431248617,2.270625,188.61704999999998,2.270625,13.11595139881637
53900,52.70341310451976,2.275444444444444,189.17799999999997,2.275444444444444,13.065147755499622
54000,52.62212135243199,2.2785999999999995,189.83664,2.2785999999999995,13.057360847985361
54100,53.038072471557946,2.241000000000001,183.87719999999993,2.241000000000001,13.273559333276038
54200,51.00720974959839,2.361,202.78440000000003,2.361,12.51147184640477
54300,51.467766729588945,2.3326666666666664,198.9384,2.3326666666666664,12.74559624275683
54400,51.54450186305056,2.32775,198.37349999999998,2.32775,12.789794701350452
54500,51.41755180272952,2.3376000000000006,199.46160000000003,2.3376000000000006,12.6881017675668
54600,51.76104057101494,2.3185,196.62779999999998,2.3185,12.827085964846127
54700,51.55381257740413,2.3321428571428573,198.65057142857137,2.3321428571428573,12.728041604371558
54800,51.672301654899876,2.325875,197.72504999999998,2.325875,12.775410912818773
54900,51.916663066234584,2.3114444444444446,195.58919999999998,2.3114444444444446,12.882246516464786
55000,51.56295991878566,2.3318999999999996,198.85572000000002,2.3318999999999996,12.754006355777713
55100,53.419202615774175,2.231,181.93319999999997,2.231,13.30367108863674
55200,53.37008463632057,2.2399999999999993,183.38399999999993,2.2399999999999993,13.253657208655106
55300,52.75323047176448,2.276,188.59199999999996,2.276,12.983875075381173
55400,53.097513636892046,2.2504999999999997,184.53239999999994,2.2504999999999997,13.139707961294175
55500,52.83838861390372,2.269,187.27271999999996,2.269,13.008027603980011
55600,53.10390639306978,2.253166666666666,184.99259999999995,2.253166666666666,13.129832200256535
55700,53.38648195780986,2.2384285714285714,183.1057714285714,2.2384285714285714,13.271854218117188
55800,53.22858606623031,2.2471249999999996,184.20704999999995,2.2471249999999996,13.192140898573305
55900,53.35247843805911,2.2388888888888885,182.9904,2.2388888888888885,13.251114078559908
56000,53.456539466499535,2.2333999999999996,182.25431999999995,2.2333999999999996,13.297347501792478
56100,51.11167827547041,2.367000000000001,201.9492,2.367000000000001,12.324563915778958
56200,52.51688285075978,2.278,188.8884,2.278,12.965283520577522
56300,52.22620547626817,2.3036666666666665,192.63959999999997,2.3036666666666665,12.779066714029504
56400,52.367205322568786,2.29575,191.72789999999998,2.29575,12.860721700485737
56500,52.48486891226539,2.2853999999999997,190.4292,2.2853999999999997,12.956871099135222
56600,52.4768684051114,2.2845,189.891,2.2845,12.9279333130741
56700,52.789371681237284,2.262142857142857,186.3858857142857,2.262142857142857,13.067372471088383
56800,52.82231220510867,2.258625,186.04485,2.258625,13.107765389896434
56900,52.68882855467,2.2686666666666664,187.46239999999997,2.2686666666666664,13.030675848235983
57000,53.11592789453717,2.2432,183.76056,2.2432,13.22402686452497
57100,51.838740222328425,2.3329999999999997,196.0956,2.3329999999999997,12.498829534290863
57200,52.66255235111179,2.2744999999999997,187.29539999999997,2.2744999999999997,12.899904111351372
57300,52.892690363143565,2.259333333333333,185.06399999999994,2.259333333333333,13.008603968729973
57400,51.99852052356075,2.3104999999999993,193.48379999999997,2.3104999999999993,12.715217423399974
57500,52.43241150761421,2.2842,189.68183999999997,2.2842,12.910051751831553
57600,52.69399914593344,2.272,188.01359999999997,2.272,13.01295176586112
57700,52.46845667273547,2.285428571428571,189.9822857142857,2.285428571428571,12.9154783847005
57800,52.60521691928106,2.2782499999999994,188.99549999999996,2.2782499999999994,12.974444758715185
57900,52.525341963414526,2.2842222222222217,189.7936,2.2842222222222217,12.924113653946455
58000,52.724918914599094,2.2716999999999996,187.87787999999998,2.2716999999999996,13.011003432886891
58100,52.98942411252122,2.264,186.68880000000001,2.264,13.064678472905502
58200,52.35238108838854,2.3039999999999994,192.3192,2.3039999999999994,12.752414510913576
58300,52.90641849580216,2.2643333333333335,186.28439999999998,2.2643333333333335,13.018979452774296
58400,53.138330066778614,2.24775,183.67289999999997,2.24775,13.126141270025593
58500,52.83321248369938,2.2685999999999993,186.83495999999997,2.2685999999999993,12.982923446542248
58600,52.95132571178975,2.2615000000000003,185.9802,2.2615000000000003,13.04985883422543
58700,52.3315846861453,2.2945714285714285,191.4932571428571,2.2945714285714285,12.862810276117592
58800,52.475920110442004,2.2874999999999996,190.49129999999997,2.2874999999999996,12.91846861735713
58900,52.604704222544,2.279,189.11799999999994,2.279,12.968821605976657
59000,52.48490265105707,2.288299999999999,190.47636,2.288299999999999,12.901277898907201
59100,53.46402398555053,2.2059999999999995,178.39440000000002,2.2059999999999995,13.467336008062139
59200,53.19836032778183,2.2299999999999995,181.2168,2.2299999999999995,13.243176498023981
59300,51.68183369956792,2.3179999999999996,196.0176,2.3179999999999996,12.753052263382052
59400,52.086070500663325,2.2974999999999994,192.8628,2.2974999999999994,12.897824001031644
59500,51.561679829414814,2.3275999999999994,197.55792,2.3275999999999994,12.706500110950614
59600,51.62384286652379,2.323833333333333,197.1126,2.323833333333333,12.74690190908101
59700,51.75470909314459,2.3137142857142856,195.5581714285714,2.3137142857142856,12.813108821670417
59800,51.60034595468446,2.3254999999999995,197.25029999999998,2.3254999999999995,12.726683640580017
59900,51.75590757673206,2.3178888888888887,196.16279999999998,2.3178888888888887,12.787087008444903
60000,51.73935501411394,2.3182,196.2972,2.3182,12.79090197923627
60100,50.120082975967655,2.4389999999999996,214.2612,2.4389999999999996,11.95197619306748
60200,51.40231021205902,2.3534999999999995,201.46859999999998,2.3534999999999995,12.553717555388362
60300,52.03842578960702,2.306,193.0656,2.306,12.768725355371702
60400,52.06058902730536,2.3015,192.53519999999997,2.3015,12.809995905037349
60500,52.39690971309162,2.2811999999999997,189.61775999999998,2.2811999999999997,12.966814175603945
60600,52.226298604736925,2.296666666666667,191.8416,2.296666666666667,12.851925293843594
60700,52.39562114074325,2.283857142857143,189.96325714285715,2.283857142857143,12.942041932415314
60800,52.26205152415385,2.289375,191.23155,2.289375,12.939086038206149
60900,51.929943931396316,2.307444444444444,194.16599999999997,2.307444444444444,12.829548555739958
61000,52.42605928810347,2.287,191.47320000000002,2.287,13.044305423464928
61100,50.245175800839185,2.423999999999999,211.85999999999996,2.423999999999999,12.041127964393716
61200,49.93792737052587,2.4274999999999993,214.30619999999996,2.4274999999999993,12.149475415179396
61300,50.59664309035444,2.3866666666666667,208.524,2.3866666666666667,12.474094368664288
61400,50.015595098502324,2.4219999999999997,214.011,2.4219999999999997,12.242012207943581
61500,50.62622483176759,2.3886,208.746,2.3886,12.46177727007815
61600,50.884641199392426,2.3698333333333337,205.779,2.3698333333333337,12.5776441617523
61700,51.0460524526387,2.3617142857142857,203.90605714285712,2.3617142857142857,12.58099522523648
61800,51.40195361691142,2.34,200.46239999999997,2.34,12.71894698004844
61900,51.38750362782655,2.344111111111111,200.8348,2.344111111111111,12.670891342615638
62000,51.540866257855086,2.3334,199.21608,2.3334,12.745290802100058
62100,51.33259947450704,2.326,198.28799999999995,2.326,12.796771187981726
62200,51.10766936632148,2.367,203.5296,2.367,12.449082880380011
62300,52.11148076054733,2.2993333333333337,192.6768,2.2993333333333337,12.856425145643662
62400,52.288258366110455,2.2867499999999996,190.88729999999998,2.2867499999999996,12.953998110126282
62500,52.23573077286576,2.2918000000000003,191.20968,2.2918000000000003,12.88447448266425
62600,52.39549039614282,2.283166666666667,189.9138,2.283166666666667,12.948604724419953
62700,51.93527790632527,2.309571428571428,194.1516,2.309571428571428,12.788044730737274
62800,52.123071241487494,2.301125,192.89475,2.301125,12.85015745549508
62900,52.34230623011419,2.288,190.81439999999998,2.288,12.932468306000844
63000,52.037359045216604,2.3062999999999994,193.72139999999996,2.3062999999999994,12.8187675194328
63100,52.47167526875433,2.269999999999999,188.82719999999995,2.269999999999999,13.10472021883579
63200,51.922481819852116,2.2999999999999994,194.19479999999996,2.2999999999999994,12.966486507894281
63300,51.64588675953199,2.3326666666666664,198.47279999999998,2.3326666666666664,12.694731789991584
63400,51.813995867025845,2.3189999999999995,196.2396,2.3189999999999995,12.772290593317946
63500,51.877373505100174,2.3171999999999997,195.47856,2.3171999999999997,12.745381856439504
63600,51.88183007680099,2.316,195.438,2.316,12.766441915068057
63700,52.19350192190271,2.2971428571428567,192.6164571428571,2.2971428571428567,12.901402667102525
63800,51.92050377006785,2.314625,195.28425,2.314625,12.784326139119774
63900,51.99237722369716,2.3094444444444444,194.42919999999998,2.3094444444444444,12.812428316991545
64000,52.09294244417496,2.3001,193.1778,2.3001,12.886952191925916
64100,52.54887093642812,2.2700000000000005,185.62319999999997,2.2700000000000005,12.843648091586152
64200,52.761191771585665,2.2645,185.5674,2.2645,12.950380240565948
64300,52.332059980370744,2.2993333333333332,191.17919999999995,2.2993333333333332,12.74201850100331
64400,52.76579634806505,2.2645,185.84999999999997,2.2645,12.97057040523006
64500,52.82241272108886,2.2569999999999997,185.18903999999998,2.2569999999999997,13.05978648024012
64600,52.63301864738823,2.2711666666666663,187.25219999999996,2.2711666666666663,12.957764637971742
64700,52.754981720011884,2.265285714285714,186.5617714285714,2.265285714285714,13.017028032748811
64800,52.83565800136784,2.261125,185.93774999999997,2.261125,13.045075888147618
64900,52.35076558054556,2.2896666666666663,190.67719999999997,2.2896666666666663,12.88326356891497
65000,52.44219326061224,2.2834999999999996,189.90828,2.2834999999999996,12.94121891455428
65100,49.03148881878978,2.4759999999999995,220.88160000000005,2.4759999999999995,11.778350306268829
65200,50.799252401668944,2.3824999999999994,205.93259999999998,2.3824999999999994,12.353233406309018
65300,51.74466743902783,2.3313333333333333,198.00719999999995,2.3313333333333333,12.692786593463818
65400,51.88794771758522,2.3209999999999997,195.71399999999997,2.3209999999999997,12.701245421071828
65500,52.00038750007661,2.31,194.25456,2.31,12.789954265684624
65600,51.89974677810911,2.3153333333333332,195.47879999999998,2.3153333333333332,12.78772011035588
65700,51.58167469361184,2.3307142857142855,198.02725714285714,2.3307142857142855,12.6963710933907
65800,51.9904195581385,2.304375,193.76055,2.304375,12.853989987656906
65900,52.071561822549654,2.2995555555555556,192.72399999999996,2.2995555555555556,12.861125586651141
66000,52.2750532125201,2.2889,191.08116,2.2889,12.934597819167955
66100,52.0009096683503,2.3050000000000006,193.84199999999993,2.3050000000000006,12.858963558657049
66200,50.49409664596436,2.3915,207.549,2.3915,12.31403593307015
66300,51.01963542730242,2.3626666666666667,203.124,2.3626666666666667,12.506742538836788
66400,51.59094101012082,2.3334999999999995,198.37619999999998,2.3334999999999995,12.679052749917496
66500,51.12394633099262,2.3609999999999998,202.68792,2.3609999999999998,12.502896231034818
66600,51.48010620436178,2.3419999999999996,199.89599999999996,2.3419999999999996,12.645427905268892
66700,51.32962252965991,2.3528571428571423,201.45291428571426,2.3528571428571423,12.563266927437253
66800,51.483099175785064,2.3447499999999994,200.3004,2.3447499999999994,12.625536503010018
66900,51.63516166648208,2.336777777777777,198.96679999999995,2.336777777777777,12.66943283136586
67000,51.65781168832063,2.3360999999999996,198.62171999999998,2.3360999999999996,12.653462450101552
67100,52.85809912431527,2.2679999999999993,188.84159999999997,2.2679999999999993,13.183581476062004
67200,52.92581609381819,2.2664999999999993,187.82819999999992,2.2664999999999993,13.115763394922654
67300,52.74975927195525,2.2723333333333335,187.89,2.2723333333333335,13.00108856808919
67400,52.982164953701414,2.25875,185.84369999999996,2.25875,13.096120835476304
67500,52.911400879185074,2.2608,185.82335999999998,2.2608,13.051755561197735
67600,52.97371870848211,2.255333333333333,185.0988,2.255333333333333,13.09714286932204
67700,53.004914981883815,2.2529999999999997,184.69182857142852,2.2529999999999997,13.107685178880223
67800,53.07208033627941,2.245125,183.19455,2.245125,13.132832034421297
67900,53.18796666097543,2.238555555555555,182.27639999999997,2.238555555555555,13.184242900124955
68000,53.12067767440289,2.2444,183.294,2.2444,13.156874914947993
68100,50.85292817123711,2.405,208.31400000000002,2.405,12.120194416936965
68200,52.00707854249133,2.327,196.5168,2.327,12.656915729563444
68300,51.90377693762889,2.3329999999999997,197.034,2.3329999999999997,12.581781560254294
68400,52.129501684204385,2.3197499999999995,195.26129999999998,2.3197499999999995,12.693283405194993
68500,52.19296824867883,2.309,193.54392,2.309,12.752732595095818
68600,51.79970091158645,2.3331666666666666,197.45459999999997,2.3331666666666666,12.608004558621237
68700,51.9151728181083,2.325428571428571,196.40159999999995,2.325428571428571,12.671279836378282
68800,52.312578641687715,2.30625,193.75019999999998,2.30625,12.843237132793043
68900,52.30916812864869,2.304777777777778,193.27,2.304777777777778,12.829176683652744
69000,52.39348136900697,2.2995,192.47003999999998,2.2995,12.864043880790222
69100,51.56872592084483,2.357999999999999,200.37599999999992,2.357999999999999,12.37043497868744
69200,51.35366098834875,2.356,201.2292,2.356,12.475364833366193
69300,51.939999962080606,2.3196666666666665,195.52679999999995,2.3196666666666665,12.70800855779264
69400,51.526271022969915,2.34575,199.57589999999996,2.34575,12.538888466361396
69500,52.128475404441105,2.3021999999999987,192.48263999999995,2.3021999999999987,12.791251951159392
69600,52.54977540819978,2.275,188.21879999999996,2.275,12.965809338377523
69700,52.23505027934085,2.2967142857142853,191.63777142857143,2.2967142857142853,12.829381975843981
69800,52.219722693553415,2.2986249999999995,192.09824999999998,2.2986249999999995,12.832564124955136
69900,52.13190897769908,2.3065555555555552,193.26039999999998,2.3065555555555552,12.775442782007813
70000,52.225403113858,2.3006999999999995,192.47075999999998,2.3006999999999995,12.825908438459475
70100,52.92366697330257,2.252,183.89520000000005,2.252,13.050444057605727
70200,51.90320311571924,2.3299999999999996,196.3332,2.3299999999999996,12.575919315192008
70300,51.84128604237457,2.33,196.84079999999997,2.33,12.620575604231455
70400,52.161354819515175,2.3122499999999997,194.16689999999994,2.3122499999999997,12.742637697137015
70500,51.66232068259057,2.3432,199.30032,2.3432,12.563506487077804
70600,52.15010001230396,2.3086666666666664,193.87079999999997,2.3086666666666664,12.779757459958203
70700,52.001061838613445,2.321428571428571,195.7494857142857,2.321428571428571,12.68990640637164
70800,52.09915154651108,2.3168749999999996,195.11864999999997,2.3168749999999996,12.729113626205715
70900,52.19495328936477,2.308333333333333,193.93800000000002,2.308333333333333,12.796668045558363
71000,51.999428621911115,2.3208999999999995,195.88139999999996,2.3208999999999995,12.714589554384649
71100,50.959546501461226,2.3709999999999996,204.1812,2.3709999999999996,12.43082761760018
71200,51.69881058467277,2.3374999999999995,198.47339999999997,2.3374999999999995,12.607323398205235
71300,51.43738543357198,2.3606666666666665,201.84959999999998,2.3606666666666665,12.440423670826211
71400,51.901977700073296,2.3339999999999996,197.93699999999998,2.3339999999999996,12.641833373198768
71500,51.89546217288573,2.3352,197.93807999999999,2.3352,12.616148418944144
71600,52.084371108515526,2.3225,196.14059999999998,2.3225,12.714732564114017
71700,52.47413787013227,2.293571428571428,191.8856571428571,2.293571428571428,12.9192882827728
71800,52.27521304363272,2.3078749999999997,193.99634999999998,2.3078749999999997,12.817051569023487
71900,52.257288824773504,2.3078888888888884,194.17799999999997,2.3078888888888884,12.834290424869735
72000,52.187838025651935,2.3089999999999997,194.48928,2.3089999999999997,12.837852704140872
72100,51.01548147276708,2.4029999999999996,207.8964,2.4029999999999996,12.126048605430574
72200,51.7500043504503,2.3464999999999994,199.01339999999996,2.3464999999999994,12.480266538340748
72300,52.8825005085801,2.2616666666666663,185.64599999999996,2.2616666666666663,13.010902745416047
72400,52.932953509216965,2.261999999999999,186.0246,2.261999999999999,13.03919885598953
72500,52.93913085931535,2.2603999999999997,185.97599999999994,2.2603999999999997,13.066700927363625
72600,52.39313482135985,2.2929999999999997,191.19719999999995,2.2929999999999997,12.867545519306605
72700,52.57369193452854,2.283428571428571,189.8228571428571,2.283428571428571,12.94309935819288
72800,52.84946044655161,2.2684999999999995,187.7085,2.2684999999999995,13.062381001468808
72900,52.75422252099869,2.2736666666666663,188.29719999999998,2.2736666666666663,13.00995476494921
73000,52.87329839471272,2.2654999999999994,187.10819999999998,2.2654999999999994,13.070152256539114
73100,51.70625589607994,2.344,197.88479999999998,2.344,12.435831885278828
73200,51.747200690560184,2.3424999999999994,198.23579999999995,2.3424999999999994,12.493221682472436
73300,51.40354591341426,2.359,201.17879999999994,2.359,12.416273323056982
73400,51.28596254226926,2.3707499999999992,202.98869999999997,2.3707499999999992,12.33998168415761
73500,51.45209404955528,2.3592,201.42864,2.3592,12.436207548301713
73600,51.82326367808308,2.3363333333333327,197.96159999999995,2.3363333333333327,12.592497125022941
73700,51.28495885515173,2.364285714285714,202.67794285714285,2.364285714285714,12.438772052335445
73800,51.52677367697108,2.3481249999999996,200.37824999999998,2.3481249999999996,12.563726166236872
73900,51.447496092958424,2.3501111111111106,200.6684,2.3501111111111106,12.54776555999382
74000,51.519243502233955,2.3463,200.31516,2.3463,12.603174264956381
74100,50.56003857327094,2.3850000000000002,206.61479999999995,2.3850000000000002,12.359562719417282
74200,49.85600749748398,2.4330000000000003,214.19279999999998,2.4330000000000003,12.056406233734693
74300,50.810731220585424,2.376333333333333,205.3764,2.376333333333333,12.425109843148684
74400,51.36360239053661,2.3509999999999995,201.29579999999999,2.3509999999999995,12.58422845623443
74500,51.283276426881436,2.3615999999999997,202.65408000000002,2.3615999999999997,12.491790174339126
74600,72.31656195445797,2.221833333333333,189.76979999999998,2.221833333333333,1214038.0594429704
74700,69.28218294284049,2.2432857142857143,191.73857142857142,2.2432857142857143,1040605.8157692037
74800,67.24055518771223,2.2468749999999997,191.35214999999997,2.2468749999999997,910531.722718562
74900,65.65744688593918,2.2477777777777774,190.884,2.2477777777777774,809363.0100921303
75000,63.99283190454955,2.2706999999999993,193.92444,2.2706999999999993,728427.887580867
75100,53.11191243974201,2.239,185.73480000000004,2.239,13.481843523027692
75200,51.70481659503639,2.3175,198.65700000000004,2.3175,13.027124443592598
75300,51.50833950425826,2.3429999999999995,201.2292,2.3429999999999995,12.742600930895621
75400,51.778432535235034,2.33,198.60660000000004,2.33,12.775484597594561
75500,51.86168097178483,2.324,196.97328,2.324,12.754003681867598
75600,51.95380115912408,2.319833333333333,196.29659999999996,2.319833333333333,12.77926242497939
75700,52.13113168785738,2.309285714285714,194.60108571428572,2.309285714285714,12.840950301139692
75800,51.930918609781166,2.323375,196.68105,2.323375,12.740007664748465
75900,52.01547003129798,2.3174444444444444,195.8716,2.3174444444444444,12.789673084218004
76000,52.17876252825497,2.3069999999999995,194.2884,2.3069999999999995,12.861642389200473
76100,49.71427946238087,2.454,216.9,2.454,11.878809910393867
76200,50.23920088444763,2.4114999999999998,210.753,2.4114999999999998,12.190084935120085
76300,50.380107166269134,2.4116666666666666,210.36599999999996,2.4116666666666666,12.156478846235311
76400,50.90597907870084,2.3819999999999997,205.75259999999997,2.3819999999999997,12.350187591806705
76500,51.4153883340058,2.351,201.114,2.351,12.569052327557781
76600,51.32008968752059,2.3593333333333333,202.21559999999997,2.3593333333333333,12.498723469481108
76700,51.622406505078935,2.338428571428571,199.08874285714285,2.338428571428571,12.644082926616118
76800,51.819406649071,2.328375,197.47754999999998,2.328375,12.706743219994355
76900,51.73131501034507,2.336555555555555,198.6164,2.336555555555555,12.642808081339998
77000,51.802425510403744,2.331,197.62415999999996,2.331,12.66655947749827
77100,55.64174677651807,2.038,149.63759999999996,2.038,14.30719795699737
77200,53.830844188351605,2.166,170.3808,2.166,13.567280343658023
77300,53.52046848932907,2.1963333333333335,175.16759999999996,2.1963333333333335,13.387908904251535
77400,52.96573131289897,2.2395,181.92059999999998,2.2395,13.117849963793738
77500,52.71228267270019,2.2557999999999994,184.87367999999998,2.2557999999999994,13.04893056354765
77600,52.24963041115434,2.285833333333333,190.25579999999997,2.285833333333333,12.913823903226644
77700,52.07344017713144,2.2984285714285715,192.1026857142857,2.2984285714285715,12.82481375129965
77800,52.15429145913494,2.29675,192.0411,2.29675,12.85844391799958
77900,51.824392609377306,2.315111111111111,195.02800000000002,2.315111111111111,12.749490631472176
78000,51.75850845910866,2.3187999999999995,195.7176,2.3187999999999995,12.735523571921417
78100,50.63673100808539,2.364,205.3224,2.364,12.638490161750969
78200,49.77954065347431,2.424,213.76080000000002,2.424,12.186044072322732
78300,50.447632252033145,2.3916666666666666,208.4196,2.3916666666666666,12.377406626987806
78400,50.668490051797406,2.3827499999999997,206.7345,2.3827499999999997,12.413494430248047
78500,50.676713385191725,2.389,207.35784,2.389,12.345490758868817
78600,50.82728280288906,2.3805000000000005,206.1102,2.3805000000000005,12.410819666163112
78700,50.648121868631456,2.3892857142857142,207.43662857142854,2.3892857142857142,12.349097635450894
78800,50.82886793265987,2.3789999999999996,205.8579,2.3789999999999996,12.417889711682122
78900,50.89455019960984,2.3775555555555554,205.4744,2.3775555555555554,12.413980039820668
79000,50.79529877840841,2.3844,206.47656,2.3844,12.364390131683868
79100,52.33377980921146,2.287,191.6028,2.287,13.019992169642318
79200,52.531927045627945,2.2904999999999998,191.71979999999996,2.2904999999999998,12.971330072286818
79300,52.09692166439717,2.322333333333333,196.14839999999995,2.322333333333333,12.719234250123499
79400,52.15470252752241,2.3187499999999996,195.4539,2.3187499999999996,12.729444595243189
79500,52.091654227883225,2.3213999999999997,195.534,2.3213999999999997,12.683390133269278
79600,51.82024862522739,2.3335,197.72579999999996,2.3335,12.631271451548194
79700,51.72371204678199,2.334,198.06994285714285,2.334,12.647158989858656
79800,51.381997460552775,2.3526249999999997,201.06135000000003,2.3526249999999997,12.533412525155473
79900,51.50606230231465,2.343888888888889,199.6276,2.343888888888889,12.583972136228418
80000,51.64155490805248,2.3364,198.44783999999999,2.3364,12.632639805887615
80100,50.85731918363243,2.3810000000000002,204.36840000000004,2.3810000000000002,12.253622667672785
80200,50.94957534241594,2.3715,203.66819999999998,2.3715,12.381848559487139
80300,51.37402701238031,2.3476666666666666,199.326,2.3476666666666666,12.481737660126129
80400,52.137719543031565,2.2977499999999997,191.47949999999997,2.2977499999999997,12.795696290574716
80500,52.38766736054633,2.2878000000000003,190.26215999999997,2.2878000000000003,12.894490778535127
80600,52.04212259863322,2.3116666666666665,194.02919999999995,2.3116666666666665,12.744012446625195
80700,51.97132475149432,2.314142857142857,194.4601714285714,2.314142857142857,12.730589124659433
80800,51.779281674219064,2.3246249999999997,196.21844999999996,2.3246249999999997,12.672655588442886
80900,51.87050780335216,2.317222222222222,194.8764,2.317222222222222,12.702799567640062
81000,51.92048418903362,2.3141,194.38955999999996,2.3141,12.721965739571587
81100,54.06877291301158,2.149999999999999,166.5,2.149999999999999,13.559232834146323
81200,53.17960658433127,2.2284999999999995,180.22499999999997,2.2284999999999995,13.195777770874574
81300,52.17994637853722,2.2873333333333337,190.05119999999997,2.2873333333333337,12.870461391048613
81400,51.8556445984369,2.3174999999999994,194.73119999999994,2.3174999999999994,12.678194686481033
81500,52.13028536003343,2.3038,192.69719999999998,2.3038,12.778261182736667
81600,52.13589780889262,2.3073333333333332,193.25399999999996,2.3073333333333332,12.75746346601965
81700,52.10276802587485,2.306571428571428,192.99599999999992,2.306571428571428,12.749442386010159
81800,52.030411076596216,2.3111249999999997,193.87394999999998,2.3111249999999997,12.734850526064514
81900,51.64430036634322,2.332222222222222,197.35439999999997,2.332222222222222,12.614411374051816
82000,51.76923132207138,2.3274999999999997,196.69644,2.3274999999999997,12.654882021485582
82100,51.4738252753251,2.3529999999999998,200.5668,2.3529999999999998,12.476989271825792
82200,50.32477099693606,2.414,210.6036,2.414,12.127893157291401
82300,49.6796101094031,2.4443333333333332,216.05639999999997,2.4443333333333332,11.9850395616834
82400,50.01246309578866,2.4240000000000004,212.85,2.4240000000000004,12.115108137289146
82500,50.09665066259338,2.4212,212.15807999999998,2.4212,12.113489310460453
82600,50.13001694887913,2.4183333333333334,211.70159999999998,2.4183333333333334,12.13099131271348
82700,50.21473903602841,2.414,210.82731428571427,2.414,12.143473007795365
82800,50.28835688565853,2.411875,210.41145,2.411875,12.15089480652784
82900,50.577169128001486,2.393555555555556,207.70240000000004,2.393555555555556,12.284663469980455
83000,50.51712162826166,2.3987,208.47636,2.3987,12.249140473690913
83100,51.58654499819393,2.316,194.99039999999985,2.316,12.710344337011652
83200,52.43752370025365,2.2784999999999997,188.89019999999994,2.2784999999999997,12.949275290688492
83300,52.3293275349694,2.2883333333333336,189.8748,2.2883333333333336,12.8425875425171
83400,52.27243557070953,2.28875,190.3635,2.28875,12.87515800879821
83500,52.08815689805211,2.3062,192.95063999999996,2.3062,12.753511237377106
83600,52.0204450096132,2.3091666666666666,193.4586,2.3091666666666666,12.73793111145383
83700,51.54510170061197,2.334142857142857,197.89559999999997,2.334142857142857,12.615294730421024
83800,51.818666733260024,2.31475,194.61599999999999,2.31475,12.716938109489922
83900,51.79851966389272,2.316555555555555,194.926,2.316555555555555,12.708809431980645
84000,51.90066740501109,2.3133000000000004,194.44068,2.3133000000000004,12.73447120684234
84100,48.84513513273858,2.4890000000000003,223.0668,2.4890000000000003,11.708424234138866
84200,50.21985536742754,2.4189999999999996,211.6836,2.4189999999999996,12.123615106318784
84300,50.60801807519638,2.4036666666666666,208.71959999999996,2.4036666666666666,12.176663154784656
84400,50.88324571379446,2.3877499999999996,206.31509999999997,2.3877499999999996,12.28752371713851
84500,50.989504338379525,2.3781999999999996,205.13304000000005,2.3781999999999996,12.37748091131905
84600,51.10323340858996,2.3713333333333333,203.73839999999998,2.3713333333333333,12.394007169130607
84700,51.34244652100755,2.355857142857143,201.25697142857143,2.355857142857143,12.488704361011026
84800,51.73972231156091,2.32925,197.01,2.32925,12.64937961001378
84900,51.69253160323218,2.3309999999999995,197.17959999999994,2.3309999999999995,12.6283090211289
85000,51.6624522656076,2.3335999999999997,197.62920000000003,2.3335999999999997,12.61515437167164
85100,51.87276231263813,2.329000000000001,195.34679999999992,2.329000000000001,12.51500738539732
85200,54.43810988639354,2.153,168.9264,2.153,13.734856333734074
85300,54.200700182678396,2.170666666666667,171.70559999999998,2.170666666666667,13.628194599454734
85400,53.69919381650481,2.2030000000000003,176.3892,2.2030000000000003,13.388165954330988
85500,53.32583305521822,2.2244,179.80704,2.2244,13.254100722766138
85600,52.927651992590015,2.2501666666666664,184.0614,2.2501666666666664,13.107937457393035
85700,52.8930707003514,2.2511428571428573,184.0032,2.2511428571428573,13.082138257015608
85800,52.989249866122606,2.246625,183.64275,2.246625,13.146753416819648
85900,52.657050855543986,2.2684444444444445,187.12079999999997,2.2684444444444445,13.01171761115716
86000,52.787819192523045,2.2592,185.58504000000002,2.2592,13.062236403346015
86100,52.47774464613732,2.2829999999999995,189.1764,2.2829999999999995,12.892811230511962
86200,51.63067365603427,2.3314999999999997,196.7094,2.3314999999999997,12.577122940431558
86300,51.932800835540554,2.31,193.70879999999997,2.31,12.748906546191666
86400,51.997425752029905,2.3037499999999995,193.12109999999996,2.3037499999999995,12.82295886953686
86500,51.56007753440239,2.3331999999999997,197.77103999999997,2.3331999999999997,12.637032991435687
86600,51.59774542739924,2.329,197.3292,2.329,12.67998839156202
86700,51.40907625345019,2.3437142857142854,199.56857142857143,2.3437142857142854,12.580682655139423
86800,51.51835955121287,2.3367499999999994,198.2619,2.3367499999999994,12.60580783370061
86900,51.696513572552185,2.3268888888888886,196.79679999999996,2.3268888888888886,12.676485325810694
87000,51.78456129027393,2.3215999999999997,195.786,2.3215999999999997,12.693824312555407
87100,50.69769224888111,2.4079999999999995,208.95840000000004,2.4079999999999995,12.113421022770314
87200,50.333311992043654,2.4119999999999995,210.38400000000001,2.4119999999999995,12.150907109496824
87300,50.41712019181842,2.4066666666666667,209.292,2.4066666666666667,12.162467600171112
87400,50.50741664014151,2.4,208.8522,2.4,12.256670868961914
87500,50.78392713487297,2.3872,206.5104,2.3872,12.309974574155298
87600,50.8018471309592,2.3818333333333332,205.88699999999997,2.3818333333333332,12.361631230881416
87700,50.978085805343,2.371142857142857,204.04594285714288,2.371142857142857,12.41665895301191
87800,51.0395586459078,2.3671249999999997,203.24564999999998,2.3671249999999997,12.426991021709831
87900,51.07618750537765,2.3627777777777776,202.638,2.3627777777777776,12.460303212838895
88000,51.3111460435428,2.3504999999999994,200.68956,2.3504999999999994,12.539620867611696
88100,48.958687311982956,2.4819999999999998,221.8536,2.4819999999999998,11.743732446909654
88200,49.76792422758539,2.4334999999999996,213.9966,2.4334999999999996,12.03071401373939
88300,50.159076323311304,2.4076666666666666,209.58360000000002,2.4076666666666666,12.161766845505309
88400,50.488204789536525,2.3944999999999994,207.5616,2.3944999999999994,12.252598168905218
88500,50.56919660612483,2.3934,207.29016,2.3934,12.251051693330119
88600,50.79274097796513,2.379166666666667,204.77459999999996,2.379166666666667,12.317816339073925
88700,50.62504037365579,2.387857142857143,206.48108571428574,2.387857142857143,12.290933401791182
88800,72.26008487861924,2.252125,194.32485,2.252125,1311159.00864033
88900,69.72839878415587,2.2737777777777777,196.796,2.2737777777777777,1165476.0037938866
89000,67.74778081480787,2.2874,198.20376000000002,2.2874,1048929.6236371112
89100,53.76799456884959,2.1800000000000006,171.7199999999999,2.1800000000000006,13.41620966233053
89200,52.70352567269898,2.2655,185.92019999999997,2.2655,12.951536048152176
89300,52.24251930985941,2.3019999999999996,191.88719999999995,2.3019999999999996,12.743772168928626
89400,51.32541247784032,2.3514999999999997,200.16899999999998,2.3514999999999997,12.47167430403185
89500,51.17700824862245,2.3615999999999997,202.04496000000003,2.3615999999999997,12.432030245033287
89600,51.33971210390629,2.3563333333333327,201.2112,2.3563333333333327,12.468087419029729
89700,51.39949146648139,2.3527142857142853,200.43,2.3527142857142853,12.4737577996448
89800,51.46376681390655,2.3474999999999997,199.62720000000002,2.3474999999999997,12.508687365531506
89900,51.516348517894286,2.3459999999999996,199.3264,2.3459999999999996,12.51278366752517
90000,51.7383071602869,2.3324999999999996,197.2674,2.3324999999999996,12.605613746694853
90100,50.07349337925728,2.4179999999999997,211.65120000000002,2.4179999999999997,12.135349671426006
90200,50.47811631869659,2.4129999999999994,210.21120000000002,2.4129999999999994,12.118372122102148
90300,51.38129249969294,2.3543333333333334,200.7252,2.3543333333333334,12.465226235332727
90400,51.411563716495294,2.34875,200.1843,2.34875,12.535445297819729
90500,51.70657418809296,2.3269999999999995,196.32744,2.3269999999999995,12.633492602383347
90600,51.47923918895842,2.3386666666666662,198.3972,2.3386666666666662,12.579306295502311
90700,51.04406206636394,2.362714285714285,202.3832571428571,2.362714285714285,12.442822516057882
90800,51.465070908727874,2.334625,197.82495,2.334625,12.608140814756238
90900,51.382852358260294,2.3398888888888885,198.75159999999997,2.3398888888888885,12.582891806502081
91000,51.44627390979979,2.3375,198.19116,2.3375,12.582965241068543
91100,50.999816923405135,2.383999999999999,204.94799999999998,2.383999999999999,12.242264845946837
91200,51.098885561453734,2.3859999999999992,205.22159999999997,2.3859999999999992,12.228913278639157
91300,50.90299460243553,2.3959999999999995,206.90399999999997,2.3959999999999995,12.17514652777979
91400,50.94053304846532,2.387749999999999,205.78769999999997,2.387749999999999,12.241263767469313
91500,51.35847327680567,2.3563999999999994,200.48255999999998,2.3563999999999994,12.406090428795421
91600,51.526248684257915,2.344666666666666,198.60119999999998,2.344666666666666,12.477552205420507
91700,51.689002901159704,2.3331428571428567,196.75542857142855,2.3331428571428567,12.547589878179924
91800,51.733035284457586,2.33025,196.18019999999996,2.33025,12.556211538434432
91900,51.83963619830577,2.3223333333333334,194.87479999999996,2.3223333333333334,12.60068097702328
92000,51.54901509024152,2.3373999999999997,197.67095999999995,2.3373999999999997,12.536728247548572
92100,50.41736327846446,2.4279999999999995,212.34239999999997,2.4279999999999995,12.006513901661929
92200,52.2025746909512,2.3124999999999996,194.34779999999995,2.3124999999999996,12.763618340729987
92300,52.58706277840168,2.2776666666666667,188.17559999999997,2.2776666666666667,12.91585241498973
92400,53.251843982477965,2.2359999999999998,181.90439999999995,2.2359999999999998,13.21666569367428
92500,75.9350048642374,2.0934,169.46135999999998,2.0934,1340296.983799035
92600,72.00644775372413,2.1251666666666664,172.57979999999995,2.1251666666666664,1116916.283400964
92700,69.17617030562388,2.1517142857142852,175.62754285714283,2.1517142857142852,957358.6363050387
92800,67.09117834222533,2.1676249999999997,177.08534999999995,2.1676249999999997,837690.4082012613
92900,65.50709886080992,2.1765555555555554,177.6412,2.1765555555555554,744615.1375462186
93000,64.18042378614037,2.1896,179.11727999999997,2.1896,670154.8927714158
93100,52.60190565065518,2.2709999999999995,186.42599999999996,2.2709999999999995,12.883154952389871
93200,51.362040101834964,2.3494999999999995,199.56419999999997,2.3494999999999995,12.45790183194602
93300,51.0378382324649,2.3673333333333333,202.9752,2.3673333333333333,12.401377340502652
93400,51.16609115117174,2.3649999999999993,202.2948,2.3649999999999993,12.391516693335713
93500,51.71566270803618,2.3293999999999997,197.13095999999996,2.3293999999999997,12.655509354452537
93600,51.916672353679324,2.317833333333333,195.56339999999997,2.317833333333333,12.758089025445885
93700,51.96172094893728,2.315142857142857,194.83405714285715,2.315142857142857,12.74776695396032
93800,51.99222876849335,2.312125,194.16824999999997,2.312125,12.748839431773012
93900,52.00230886458081,2.312444444444444,194.07759999999996,2.312444444444444,12.733963228368383
94000,52.09189856859401,2.3099,193.77612,2.3099,12.761542948896347
94100,52.373654160340664,2.3160000000000003,194.91839999999996,2.3160000000000003,12.75318657012118
94200,52.045698837272504,2.3095,193.49099999999999,2.3095,12.740123597701489
94300,51.49769205338992,2.3393333333333337,198.26639999999995,2.3393333333333337,12.555745116156485
94400,51.15205994502266,2.3575,201.26339999999996,2.3575,12.45092815934548
94500,51.2602620530953,2.353,200.29464,2.353,12.458085595480716
94600,51.57014732181107,2.3296666666666668,196.60439999999997,2.3296666666666668,12.598720185277408
94700,51.450621509843685,2.335,197.46051428571425,2.335,12.565269560896073
94800,51.511489382337224,2.3325,196.98839999999996,2.3325,12.57534082491008
94900,51.61403663720861,2.3293333333333335,196.5544,2.3293333333333335,12.604662074084597
95000,51.43491324083484,2.3413999999999997,198.51695999999998,2.3413999999999997,12.533939715123443
95100,49.78470541994887,2.444,215.37360000000004,2.444,11.943620260257807
95200,50.828261736006695,2.3844999999999996,207.12779999999998,2.3844999999999996,12.443414015331687
95300,50.71619864677775,2.3976666666666664,208.6212,2.3976666666666664,12.303757379296865
95400,51.15556338936318,2.3782499999999995,206.00189999999998,2.3782499999999995,12.499444408129436
95500,51.04043075827972,2.3865999999999996,206.97912,2.3865999999999996,12.408179807441764
95600,51.72354171347891,2.3381666666666665,199.16699999999997,2.3381666666666665,12.68841902052665
95700,51.55362541648877,2.347142857142857,200.46342857142852,2.347142857142857,12.616597969925616
95800,51.65961448768005,2.3393749999999995,198.94275000000002,2.3393749999999995,12.636221944968561
95900,51.63958154906099,2.340666666666666,199.2232,2.340666666666666,12.633718048798302
96000,51.58092941185626,2.3436999999999997,199.78812,2.3436999999999997,12.621447754627678
96100,51.739557179391575,2.341,197.37720000000002,2.341,12.451666985302527
96200,51.97401044936023,2.3255,196.30259999999998,2.3255,12.668675909280514
96300,51.97019858777344,2.3240000000000003,195.5352,2.3240000000000003,12.631688662956917
96400,52.304058040492855,2.30325,192.4497,2.30325,12.783571140596505
96500,52.18794353833686,2.3122,193.85496000000003,2.3122,12.725663681966726
96600,52.276517757101935,2.3025,192.07739999999995,2.3025,12.762413663211696
96700,52.225315724491665,2.305142857142857,192.6133714285714,2.305142857142857,12.756685377838425
96800,52.250407987830314,2.303,192.6711,2.303,12.810264714274208
96900,52.21338088070698,2.3054444444444444,192.8932,2.3054444444444444,12.77980428514325
97000,52.24758878387929,2.3022,192.258,2.3022,12.787930809621693
97100,52.66291094394168,2.263,184.59,2.263,12.890731122323292
97200,51.44510653880346,2.342,198.12959999999998,2.342,12.486684535577586
97300,51.156104203431944,2.358333333333333,201.5052,2.358333333333333,12.459995401996142
97400,51.11577465939974,2.3694999999999995,203.10299999999998,2.3694999999999995,12.376520883700918
97500,51.319991645558666,2.3519999999999994,200.38176,2.3519999999999994,12.48450970240651
97600,51.98591585025385,2.305666666666666,192.99239999999998,2.305666666666666,12.76243838859694
97700,51.85412527625656,2.318142857142857,194.88291428571426,2.318142857142857,12.679254019306352
97800,51.676228565494895,2.3282499999999997,196.51229999999995,2.3282499999999997,12.618567723951879
97900,51.76478034066714,2.3225555555555553,195.4236,2.3225555555555553,12.638784536550537
98000,51.8615406934761,2.3157999999999994,194.2416,2.3157999999999994,12.670854781848059
98100,54.69265949622746,2.1219999999999994,163.91519999999997,2.1219999999999994,13.884473896691517
98200,52.911843193292626,2.2569999999999992,184.97159999999997,2.2569999999999992,13.034105494796522
98300,52.80791189863744,2.266666666666666,186.63359999999994,2.266666666666666,12.993019952925193
98400,52.79465256535039,2.2659999999999996,186.27839999999998,2.2659999999999996,12.978380155387253
98500,52.45264844046617,2.2927999999999997,190.49471999999997,2.2927999999999997,12.810752794610424
98600,52.17687734438023,2.306833333333333,192.74819999999997,2.306833333333333,12.725105287538758
98700,51.976243988789896,2.3165714285714283,194.30948571428564,2.3165714285714283,12.665252763257444
98800,52.48788586148787,2.2923749999999994,190.87694999999997,2.2923749999999994,12.895256648175687
98900,52.5246115014625,2.2909999999999995,190.96119999999996,2.2909999999999995,12.94186583478136
99000,52.138342326057156,2.3114999999999997,194.29451999999998,2.3114999999999997,12.815085051983765
99100,50.924949712021956,2.361999999999999,201.5928,2.361999999999999,12.381962172179223
99200,50.697507687149766,2.375,204.31799999999996,2.375,12.355718239503785
99300,51.07411116146458,2.3593333333333333,201.28079999999997,2.3593333333333333,12.411137102805107
99400,50.70327009522169,2.3834999999999997,205.2882,2.3834999999999997,12.276558695282144
99500,50.77954246436321,2.3867999999999996,205.70256,2.3867999999999996,12.249295626526335
99600,51.35625917028754,2.3486666666666665,199.5804,2.3486666666666665,12.481176066009647
99700,51.155326327875656,2.3594285714285714,201.3582857142857,2.3594285714285714,12.419674829798153
99800,51.41275563460089,2.3416249999999996,198.32444999999998,2.3416249999999996,12.51135814498432
99900,51.67198624797736,2.3295555555555554,196.55279999999996,2.3295555555555554,12.61072621030635
100000,51.78468497694285,2.322,195.22152,2.322,12.64519661667741
