timestep,aqi,fan_speed
10,3.0,0.1
20,3.0,0.0
30,3.0,0.0
40,3.0,0.1
50,3.0,0.0
60,3.0,0.1
70,3.0,0.2
80,3.0,0.5
90,3.0,0.4
100,3.0,0.2
110,3.0,0.0
120,3.0,0.1
130,3.0,2.7755576e-17
140,3.0,0.3
150,3.0,0.4
160,3.0,0.4
170,3.0,0.4
180,3.0,0.5
190,3.0,0.3
200,3.0,0.4
210,3.0,0.7
220,3.0,0.7
230,3.0,0.8
240,3.0,1.0
250,3.0,0.9
260,3.0,0.7
270,3.0,0.4
280,3.0,0.6
290,3.0,0.3
300,3.0,0.2
310,3.0,0.2
320,3.0,1.3877788e-16
330,2.0,0.2
340,2.0,0.3
350,2.0,1.3877788e-16
360,3.0,0.0
370,2.0,0.1
380,2.0,0.1
390,2.0,0.2
400,2.0,0.6
410,2.0,0.5
420,2.0,0.5
430,2.0,0.5
440,2.0,0.4
450,3.0,0.4
460,3.0,0.7
470,2.0,0.9
480,3.0,1.0
490,3.0,1.0
500,3.0,0.9
510,2.0,0.8
520,2.0,0.6
530,2.0,0.7
540,2.0,0.7
550,2.0,0.8
560,2.0,1.0
570,2.0,0.8
580,2.0,0.8
590,3.0,0.8
600,3.0,0.6
610,3.0,0.4
620,3.0,0.6
630,3.0,0.7
640,3.0,0.6
650,2.0,0.5
660,2.0,0.4
670,3.0,0.6
680,3.0,0.4
690,3.0,0.0
700,2.0,0.1
710,3.0,0.1
720,3.0,0.3
730,3.0,0.2
740,3.0,0.1
750,3.0,0.4
760,3.0,0.4
770,3.0,0.2
780,3.0,0.0
790,4.0,0.1
800,4.0,0.2
810,4.0,0.1
820,3.0,0.0
830,3.0,0.1
840,3.0,0.2
850,3.0,0.3
860,3.0,0.2
870,3.0,0.0
880,3.0,0.1
890,3.0,0.0
900,3.0,0.0
910,3.0,0.2
920,3.0,2.7755576e-17
930,3.0,0.0
940,3.0,0.0
950,3.0,0.0
960,3.0,0.0
970,3.0,0.3
980,3.0,0.3
990,3.0,0.5
1000,3.0,0.4
1010,3.0,0.6
1020,3.0,1.0
1030,3.0,0.9
1040,3.0,0.9
1050,3.0,0.9
1060,3.0,0.8
1070,3.0,0.9
1080,3.0,0.6
1090,3.0,0.6
1100,3.0,0.6
1110,3.0,0.7
1120,3.0,0.9
1130,3.0,0.9
1140,3.0,0.6
1150,3.0,1.0
1160,3.0,1.0
1170,3.0,1.0
1180,3.0,1.0
1190,3.0,1.0
1200,3.0,1.0
1210,3.0,0.9
1220,3.0,1.0
1230,3.0,1.0
1240,3.0,0.9
1250,3.0,1.0
1260,3.0,0.8
1270,3.0,1.0
1280,3.0,0.9
1290,3.0,0.7
1300,3.0,0.6
1310,3.0,0.9
1320,3.0,0.8
1330,3.0,0.6
1340,3.0,0.6
1350,3.0,0.3
1360,2.0,0.3
1370,2.0,0.3
1380,2.0,0.6
1390,3.0,0.9
1400,2.0,0.8
1410,3.0,0.6
1420,3.0,0.6
1430,3.0,0.8
1440,3.0,0.9
1450,3.0,1.0
1460,3.0,0.6
1470,2.0,0.4
1480,2.0,0.3
1490,2.0,0.2
1500,2.0,0.4
1510,2.0,0.3
1520,2.0,0.2
1530,2.0,0.3
1540,2.0,1.3877788e-16
1550,2.0,0.2
1560,2.0,0.0
1570,2.0,0.2
1580,2.0,0.4
1590,2.0,0.2
1600,2.0,0.3
1610,2.0,0.2
1620,2.0,0.2
1630,2.0,0.4
1640,2.0,0.2
1650,2.0,0.5
1660,2.0,0.8
1670,2.0,1.0
1680,2.0,1.0
1690,2.0,1.0
1700,2.0,0.9
1710,2.0,0.8
1720,2.0,0.8
1730,2.0,0.5
1740,2.0,0.3
1750,2.0,0.2
1760,2.0,1.3877788e-16
1770,2.0,0.1
1780,3.0,0.4
1790,2.0,0.5
1800,2.0,0.4
1810,2.0,0.6
1820,2.0,0.5
1830,2.0,0.4
1840,2.0,0.1
1850,2.0,0.6
1860,2.0,0.5
1870,2.0,0.5
1880,2.0,0.4
1890,2.0,0.8
1900,2.0,0.8
1910,2.0,0.9
1920,2.0,0.6
1930,2.0,0.6
1940,2.0,0.6
1950,2.0,0.6
1960,2.0,0.7
1970,2.0,0.7
1980,2.0,0.5
1990,2.0,0.8
2000,2.0,0.7
2010,2.0,0.5
2020,2.0,0.8
2030,2.0,0.7
2040,2.0,0.5
2050,2.0,0.4
2060,2.0,0.3
2070,2.0,0.1
2080,1.0,0.1
2090,2.0,0.0
2100,2.0,0.2
2110,1.0,2.7755576e-17
2120,2.0,2.7755576e-17
2130,2.0,0.3
2140,1.0,2.7755576e-17
2150,1.0,0.1
2160,1.0,2.7755576e-17
2170,1.0,0.0
2180,2.0,0.0
2190,1.0,0.0
2200,1.0,0.3
2210,1.0,0.3
2220,1.0,0.2
2230,1.0,0.1
2240,1.0,0.0
2250,2.0,0.0
2260,2.0,0.2
2270,2.0,0.0
2280,1.0,0.0
2290,2.0,0.1
2300,1.0,0.1
2310,1.0,0.2
2320,2.0,0.3
2330,2.0,0.2
2340,2.0,0.0
2350,2.0,0.0
2360,2.0,0.0
2370,1.0,0.2
2380,2.0,0.2
2390,2.0,0.4
2400,2.0,0.5
2410,1.0,0.5
2420,1.0,0.3
2430,1.0,0.3
2440,2.0,0.3
2450,1.0,0.4
2460,1.0,0.1
2470,1.0,0.1
2480,2.0,0.3
2490,1.0,0.4
2500,1.0,0.3
2510,1.0,0.2
2520,1.0,0.2
2530,2.0,2.7755576e-17
2540,1.0,0.2
2550,1.0,0.0
2560,2.0,0.1
2570,1.0,0.1
2580,1.0,0.5
2590,1.0,0.6
2600,1.0,0.6
2610,1.0,0.6
2620,1.0,0.2
2630,1.0,0.6
2640,1.0,0.3
2650,1.0,0.3
2660,1.0,0.5
2670,1.0,0.2
2680,2.0,0.7
2690,1.0,0.5
2700,1.0,0.1
2710,1.0,0.2
2720,1.0,0.0
2730,1.0,0.0
2740,1.0,0.1
2750,1.0,0.0
2760,1.0,0.1
2770,1.0,0.0
2780,1.0,0.0
2790,1.0,0.2
2800,1.0,0.6
2810,1.0,0.4
2820,1.0,0.5
2830,1.0,0.3
2840,1.0,0.3
2850,1.0,0.2
2860,1.0,0.4
2870,1.0,0.2
2880,1.0,0.4
2890,1.0,0.5
2900,1.0,0.4
2910,1.0,0.5
2920,1.0,0.7
2930,1.0,0.9
2940,1.0,0.9
2950,1.0,0.9
2960,1.0,0.9
2970,1.0,0.8
2980,1.0,0.8
2990,1.0,0.7
3000,1.0,0.9
3010,1.0,0.7
3020,1.0,0.4
3030,1.0,0.4
3040,1.0,0.5
3050,1.0,0.5
3060,1.0,0.5
3070,1.0,0.6
3080,1.0,0.5
3090,1.0,0.3
3100,1.0,0.3
3110,1.0,0.0
3120,1.0,0.2
3130,1.0,0.2
3140,1.0,0.2
3150,1.0,2.7755576e-17
3160,1.0,0.2
3170,1.0,0.1
3180,1.0,0.3
3190,1.0,0.1
3200,1.0,0.2
3210,1.0,0.1
3220,1.0,2.7755576e-17
3230,1.0,0.1
3240,1.0,0.1
3250,1.0,0.3
3260,1.0,0.1
3270,1.0,0.1
3280,1.0,0.3
3290,1.0,0.3
3300,1.0,0.1
3310,1.0,0.0
3320,1.0,0.2
3330,1.0,0.0
3340,1.0,0.0
3350,1.0,0.0
3360,1.0,0.0
3370,1.0,0.2
3380,1.0,0.3
3390,1.0,0.4
3400,1.0,0.2
3410,1.0,0.3
3420,1.0,0.4
3430,1.0,0.5
3440,1.0,0.6
3450,1.0,0.6
3460,1.0,0.5
3470,1.0,0.5
3480,1.0,0.3
3490,1.0,0.2
3500,1.0,0.5
3510,1.0,0.5
3520,1.0,0.4
3530,1.0,0.3
3540,1.0,0.3
3550,1.0,0.1
3560,1.0,0.0
3570,1.0,0.3
3580,1.0,0.4
3590,1.0,0.4
3600,1.0,0.5
3610,1.0,0.6
3620,1.0,0.6
3630,1.0,0.7
3640,1.0,0.6
3650,1.0,0.6
3660,1.0,0.8
3670,1.0,0.6
3680,1.0,0.8
3690,1.0,0.8
3700,1.0,0.7
3710,1.0,0.5
3720,1.0,0.3
3730,1.0,2.7755576e-17
3740,1.0,0.2
3750,1.0,0.1
3760,1.0,0.3
3770,1.0,0.1
3780,1.0,0.2
3790,1.0,0.1
3800,1.0,0.2
3810,1.0,0.3
3820,1.0,0.6
3830,1.0,0.7
3840,1.0,0.7
3850,1.0,0.5
3860,1.0,0.4
3870,1.0,0.7
3880,1.0,0.6
3890,1.0,0.4
3900,1.0,0.3
3910,1.0,0.3
3920,1.0,0.7
3930,1.0,0.4
3940,1.0,0.6
3950,1.0,0.9
3960,1.0,0.8
3970,1.0,1.0
3980,1.0,1.0
3990,1.0,0.8
4000,1.0,0.9
4010,1.0,0.9
4020,1.0,1.0
4030,1.0,0.9
4040,1.0,1.0
4050,1.0,0.9
4060,1.0,0.9
4070,1.0,0.6
4080,1.0,0.4
4090,1.0,0.3
4100,1.0,0.3
4110,1.0,0.2
4120,1.0,1.3877788e-16
4130,1.0,1.3877788e-16
4140,1.0,0.1
4150,1.0,0.0
4160,1.0,0.0
4170,1.0,0.3
4180,1.0,0.1
4190,1.0,0.1
4200,1.0,0.1
4210,1.0,0.0
4220,1.0,0.1
4230,1.0,0.1
4240,1.0,0.2
4250,1.0,0.1
4260,1.0,0.0
4270,1.0,0.0
4280,1.0,0.0
4290,1.0,0.2
4300,1.0,0.4
4310,1.0,0.3
4320,1.0,0.2
4330,1.0,2.7755576e-17
4340,1.0,0.1
4350,1.0,0.2
4360,1.0,0.3
4370,1.0,0.6
4380,1.0,0.2
4390,1.0,0.0
4400,1.0,0.1
4410,1.0,0.0
4420,1.0,0.0
4430,1.0,0.1
4440,1.0,0.0
4450,1.0,0.0
4460,1.0,0.1
4470,1.0,0.3
4480,1.0,0.4
4490,1.0,0.6
4500,1.0,0.4
4510,1.0,0.4
4520,1.0,0.3
4530,1.0,0.2
4540,1.0,0.1
4550,1.0,0.0
4560,1.0,0.3
4570,1.0,0.3
4580,1.0,0.6
4590,1.0,0.5
4600,2.0,0.7
4610,3.0,0.7
4620,3.0,0.4
4630,3.0,0.1
4640,3.0,0.2
4650,3.0,0.0
4660,3.0,0.1
4670,3.0,0.1
4680,2.0,0.2
4690,3.0,0.2
4700,3.0,2.7755576e-17
4710,3.0,0.0
4720,3.0,0.0
4730,2.0,0.0
4740,2.0,0.0
4750,2.0,0.0
4760,2.0,0.0
4770,2.0,0.0
4780,2.0,0.1
4790,2.0,0.0
4800,2.0,0.1
4810,2.0,0.2
4820,3.0,0.1
4830,3.0,2.7755576e-17
4840,2.0,0.0
4850,2.0,0.0
4860,2.0,0.0
4870,2.0,0.0
4880,2.0,0.0
4890,3.0,0.0
4900,2.0,0.0
4910,2.0,0.0
4920,2.0,0.0
4930,2.0,0.1
4940,2.0,0.2
4950,2.0,0.0
4960,2.0,0.0
4970,2.0,0.1
4980,2.0,0.2
4990,2.0,0.0
5000,2.0,0.2
5010,2.0,0.3
5020,2.0,2.7755576e-17
5030,2.0,0.1
5040,2.0,2.7755576e-17
5050,2.0,0.0
5060,2.0,0.2
5070,2.0,0.1
5080,2.0,0.1
5090,2.0,0.0
5100,2.0,0.0
5110,2.0,0.1
5120,2.0,0.0
5130,2.0,0.0
5140,2.0,0.0
5150,2.0,0.0
5160,2.0,0.2
5170,2.0,0.2
5180,2.0,0.0
5190,2.0,0.0
5200,2.0,0.0
5210,2.0,0.0
5220,2.0,0.1
5230,2.0,0.0
5240,2.0,0.0
5250,2.0,0.1
5260,2.0,0.0
5270,2.0,0.1
5280,2.0,0.0
5290,2.0,0.0
5300,2.0,0.0
5310,2.0,0.0
5320,2.0,0.0
5330,2.0,0.0
5340,2.0,0.1
5350,2.0,0.0
5360,2.0,0.1
5370,2.0,0.0
5380,2.0,0.1
5390,2.0,0.1
5400,2.0,0.2
5410,2.0,0.0
5420,2.0,0.0
5430,2.0,0.0
5440,2.0,0.1
5450,2.0,0.1
5460,2.0,0.0
5470,2.0,0.0
5480,2.0,0.0
5490,2.0,0.1
5500,2.0,0.1
5510,2.0,0.0
5520,1.0,0.0
5530,1.0,0.0
5540,2.0,0.0
5550,1.0,0.1
5560,2.0,0.2
5570,2.0,0.1
5580,2.0,0.0
5590,2.0,0.0
5600,1.0,0.2
5610,1.0,0.1
5620,2.0,0.0
5630,2.0,0.0
5640,1.0,0.2
5650,2.0,0.2
5660,1.0,0.0
5670,2.0,0.0
5680,2.0,0.0
5690,1.0,0.2
5700,2.0,0.0
5710,1.0,0.1
5720,2.0,0.1
5730,1.0,0.1
5740,1.0,0.0
5750,2.0,0.1
5760,2.0,0.1
5770,2.0,0.1
5780,1.0,0.2
5790,1.0,0.2
5800,1.0,0.0
5810,1.0,0.1
5820,1.0,0.2
5830,2.0,0.0
5840,1.0,0.1
5850,1.0,0.0
5860,1.0,0.1
5870,1.0,0.2
5880,2.0,0.1
5890,2.0,0.1
5900,2.0,0.1
5910,1.0,0.0
5920,1.0,0.1
5930,2.0,0.0
5940,2.0,0.0
5950,1.0,0.0
5960,1.0,0.0
5970,1.0,0.0
5980,1.0,0.1
5990,2.0,0.2
6000,1.0,0.2
6010,1.0,0.2
6020,1.0,0.0
6030,1.0,0.0
6040,1.0,0.1
6050,1.0,0.0
6060,1.0,0.0
6070,1.0,0.1
6080,1.0,0.2
6090,1.0,0.2
6100,1.0,0.2
6110,2.0,0.2
6120,2.0,0.0
6130,1.0,0.3
6140,1.0,0.4
6150,1.0,0.3
6160,1.0,0.2
6170,1.0,0.2
6180,1.0,0.3
6190,1.0,0.1
6200,1.0,0.2
6210,3.0,2.7755576e-17
6220,5.0,0.0
6230,5.0,0.0
6240,5.0,0.1
6250,4.0,0.0
6260,4.0,0.0
6270,4.0,0.0
6280,4.0,0.0
6290,4.0,0.0
6300,4.0,0.1
6310,3.0,0.0
6320,3.0,0.0
6330,3.0,0.0
6340,3.0,0.0
6350,3.0,0.0
6360,3.0,0.0
6370,3.0,0.0
6380,3.0,0.0
6390,3.0,0.0
6400,3.0,0.1
6410,3.0,0.3
6420,3.0,0.2
6430,3.0,2.7755576e-17
6440,3.0,0.1
6450,3.0,0.0
6460,3.0,0.0
6470,3.0,0.2
6480,3.0,0.0
6490,3.0,0.0
6500,3.0,0.0
6510,3.0,0.0
6520,3.0,0.0
6530,3.0,0.0
6540,3.0,0.0
6550,3.0,0.1
6560,3.0,0.1
6570,3.0,0.0
6580,2.0,0.1
6590,3.0,0.0
6600,3.0,0.0
6610,3.0,0.0
6620,3.0,0.0
6630,2.0,0.0
6640,3.0,0.0
6650,3.0,0.0
6660,3.0,0.1
6670,3.0,0.3
6680,2.0,0.4
6690,2.0,0.1
6700,2.0,2.7755576e-17
6710,2.0,0.0
6720,3.0,0.0
6730,3.0,0.1
6740,2.0,0.0
6750,2.0,0.0
6760,3.0,0.0
6770,2.0,0.0
6780,2.0,0.1
6790,2.0,0.1
6800,2.0,0.2
6810,2.0,2.7755576e-17
6820,2.0,0.0
6830,2.0,0.0
6840,2.0,0.0
6850,2.0,0.0
6860,2.0,0.0
6870,2.0,0.0
6880,2.0,0.0
6890,2.0,0.0
6900,3.0,0.0
6910,3.0,0.0
6920,3.0,0.1
6930,3.0,0.3
6940,2.0,0.0
6950,2.0,0.0
6960,2.0,0.0
6970,2.0,0.1
6980,2.0,0.1
6990,2.0,0.0
7000,2.0,0.1
7010,2.0,0.1
7020,2.0,0.1
7030,2.0,0.0
7040,2.0,0.1
7050,2.0,0.1
7060,2.0,0.0
7070,2.0,0.1
7080,2.0,0.0
7090,2.0,0.0
7100,2.0,0.2
7110,2.0,0.3
7120,2.0,0.1
7130,2.0,2.7755576e-17
7140,2.0,0.3
7150,3.0,0.2
7160,3.0,0.0
7170,3.0,0.2
7180,3.0,0.1
7190,3.0,0.0
7200,3.0,0.0
7210,3.0,0.2
7220,3.0,0.1
7230,3.0,0.0
7240,3.0,0.1
7250,2.0,0.0
7260,2.0,0.0
7270,2.0,0.0
7280,2.0,0.0
7290,2.0,0.0
7300,2.0,0.0
7310,2.0,0.1
7320,2.0,0.0
7330,2.0,0.0
7340,2.0,0.0
7350,2.0,0.0
7360,2.0,0.0
7370,2.0,0.1
7380,2.0,0.1
7390,2.0,0.0
7400,2.0,0.0
7410,2.0,0.0
7420,3.0,0.0
7430,2.0,0.0
7440,2.0,0.1
7450,2.0,0.0
7460,1.0,0.0
7470,2.0,0.0
7480,2.0,0.0
7490,2.0,0.0
7500,2.0,0.0
7510,2.0,0.2
7520,2.0,0.0
7530,2.0,0.0
7540,1.0,0.1
7550,1.0,0.0
7560,1.0,0.1
7570,1.0,0.1
7580,2.0,0.2
7590,2.0,0.0
7600,2.0,0.0
7610,2.0,0.0
7620,1.0,0.1
7630,2.0,0.0
7640,2.0,0.0
7650,2.0,0.3
7660,1.0,0.2
7670,1.0,0.1
7680,1.0,0.1
7690,1.0,0.2
7700,1.0,2.7755576e-17
7710,1.0,0.0
7720,1.0,0.2
7730,1.0,0.4
7740,1.0,0.7
7750,2.0,0.6
7760,2.0,0.4
7770,2.0,0.2
7780,2.0,0.1
7790,2.0,2.7755576e-17
7800,2.0,2.7755576e-17
7810,2.0,0.0
7820,2.0,0.1
7830,2.0,0.0
7840,1.0,0.0
7850,2.0,0.0
7860,2.0,0.0
7870,1.0,0.0
7880,2.0,0.1
7890,2.0,0.1
7900,2.0,0.1
7910,2.0,0.1
7920,2.0,0.0
7930,2.0,0.0
7940,2.0,0.0
7950,2.0,0.1
7960,2.0,0.0
7970,2.0,0.3
7980,2.0,0.2
7990,2.0,0.0
8000,2.0,0.0
8010,2.0,0.1
8020,2.0,0.0
8030,2.0,0.0
8040,2.0,0.0
8050,2.0,0.0
8060,2.0,0.1
8070,2.0,0.0
8080,2.0,0.0
8090,2.0,0.0
8100,2.0,0.3
8110,2.0,0.3
8120,2.0,0.0
8130,2.0,0.0
8140,2.0,0.0
8150,2.0,0.1
8160,2.0,0.4
8170,2.0,0.1
8180,2.0,0.0
8190,2.0,0.2
8200,2.0,0.1
8210,2.0,0.1
8220,2.0,0.1
8230,2.0,0.0
8240,2.0,0.2
8250,2.0,0.5
8260,2.0,0.3
8270,2.0,0.1
8280,2.0,0.0
8290,2.0,0.1
8300,2.0,0.0
8310,2.0,0.0
8320,2.0,0.0
8330,2.0,0.0
8340,2.0,0.1
8350,2.0,0.0
8360,2.0,0.0
8370,2.0,0.0
8380,2.0,0.1
8390,2.0,0.3
8400,2.0,0.4
8410,2.0,0.3
8420,2.0,0.4
8430,2.0,0.4
8440,2.0,0.2
8450,2.0,2.7755576e-17
8460,2.0,0.0
8470,2.0,0.0
8480,2.0,0.1
8490,2.0,0.1
8500,2.0,0.0
8510,2.0,0.0
8520,2.0,0.0
8530,2.0,0.0
8540,2.0,0.2
8550,2.0,0.0
8560,2.0,0.1
8570,2.0,0.0
8580,2.0,0.1
8590,2.0,0.1
8600,2.0,0.2
8610,2.0,0.0
8620,2.0,0.0
8630,2.0,0.0
8640,2.0,0.0
8650,2.0,0.3
8660,2.0,0.0
8670,2.0,0.1
8680,2.0,0.0
8690,2.0,0.1
8700,2.0,0.0
8710,2.0,0.0
8720,2.0,0.0
8730,2.0,0.0
8740,2.0,0.0
8750,2.0,0.2
8760,2.0,0.0
8770,2.0,0.0
8780,2.0,0.0
8790,2.0,0.0
8800,2.0,0.0
8810,2.0,0.3
8820,2.0,0.5
8830,2.0,0.3
8840,2.0,0.3
8850,2.0,0.3
8860,2.0,0.2
8870,2.0,0.1
8880,2.0,2.7755576e-17
8890,2.0,0.0
8900,2.0,0.0
8910,2.0,0.0
8920,2.0,0.0
8930,2.0,0.0
8940,2.0,0.1
8950,1.0,0.0
8960,2.0,0.0
8970,2.0,0.0
8980,1.0,0.0
8990,1.0,0.2
9000,2.0,0.3
9010,2.0,0.1
9020,1.0,0.0
9030,1.0,0.2
9040,1.0,0.0
9050,1.0,0.1
9060,1.0,0.0
9070,1.0,0.1
9080,1.0,0.0
9090,1.0,0.1
9100,1.0,0.1
9110,1.0,0.2
9120,1.0,0.0
9130,1.0,0.1
9140,1.0,0.0
9150,1.0,0.1
9160,2.0,0.0
9170,1.0,0.2
9180,1.0,0.5
9190,1.0,0.4
9200,1.0,0.4
9210,1.0,0.4
9220,1.0,0.5
9230,1.0,0.6
9240,1.0,0.3
9250,1.0,2.7755576e-17
9260,1.0,0.1
9270,1.0,0.2
9280,1.0,2.7755576e-17
9290,1.0,0.3
9300,1.0,2.7755576e-17
9310,1.0,0.1
9320,1.0,0.0
9330,1.0,0.1
9340,1.0,0.1
9350,1.0,0.0
9360,1.0,0.0
9370,1.0,0.2
9380,1.0,0.3
9390,1.0,0.3
9400,1.0,0.4
9410,1.0,0.6
9420,1.0,0.6
9430,1.0,0.5
9440,1.0,0.3
9450,1.0,0.1
9460,1.0,2.7755576e-17
9470,1.0,0.0
9480,1.0,0.3
9490,1.0,0.4
9500,1.0,0.2
9510,1.0,2.7755576e-17
9520,1.0,0.2
9530,1.0,0.2
9540,1.0,0.3
9550,1.0,0.3
9560,1.0,2.7755576e-17
9570,1.0,0.0
9580,1.0,0.0
9590,1.0,0.0
9600,1.0,0.0
9610,1.0,0.0
9620,1.0,0.1
9630,1.0,0.0
9640,1.0,0.1
9650,1.0,0.1
9660,1.0,0.0
9670,1.0,0.2
9680,1.0,0.0
9690,1.0,0.2
9700,1.0,0.1
9710,1.0,2.7755576e-17
9720,1.0,0.1
9730,1.0,0.4
9740,1.0,0.2
9750,1.0,0.0
9760,1.0,0.0
9770,1.0,0.0
9780,1.0,0.0
9790,1.0,0.0
9800,1.0,0.1
9810,1.0,0.3
9820,1.0,0.3
9830,1.0,0.3
9840,1.0,0.3
9850,1.0,0.3
9860,1.0,2.7755576e-17
9870,1.0,0.2
9880,1.0,0.5
9890,1.0,0.2
9900,1.0,0.2
9910,1.0,0.0
9920,1.0,0.0
9930,1.0,0.0
9940,1.0,0.0
9950,1.0,0.0
9960,1.0,0.0
9970,1.0,0.0
9980,1.0,0.2
9990,1.0,0.2
10000,1.0,0.0
10010,1.0,0.0
10020,1.0,0.1
10030,1.0,0.0
10040,1.0,0.0
10050,1.0,0.0
10060,1.0,0.3
10070,1.0,0.4
10080,1.0,0.2
10090,1.0,0.2
10100,1.0,0.1
10110,1.0,0.1
10120,1.0,0.2
10130,1.0,2.7755576e-17
10140,1.0,0.0
10150,1.0,0.1
10160,1.0,0.4
10170,1.0,0.2
10180,1.0,0.1
10190,1.0,2.7755576e-17
10200,1.0,0.0
10210,1.0,0.1
10220,1.0,0.0
10230,1.0,0.1
10240,1.0,0.0
10250,1.0,0.1
10260,1.0,0.0
10270,1.0,0.1
10280,1.0,0.2
10290,1.0,0.0
10300,1.0,0.1
10310,1.0,0.0
10320,1.0,0.0
10330,1.0,0.1
10340,1.0,0.0
10350,1.0,0.1
10360,1.0,0.0
10370,1.0,0.0
10380,1.0,0.1
10390,1.0,0.0
10400,1.0,0.1
10410,1.0,0.0
10420,1.0,0.0
10430,1.0,0.0
10440,1.0,0.1
10450,1.0,0.0
10460,1.0,0.0
10470,1.0,0.0
10480,1.0,0.2
10490,1.0,0.0
10500,1.0,0.1
10510,1.0,0.0
10520,1.0,0.0
10530,1.0,0.0
10540,1.0,0.0
10550,1.0,0.2
10560,1.0,0.0
10570,1.0,0.0
10580,1.0,0.0
10590,1.0,0.1
10600,1.0,0.0
10610,1.0,0.0
10620,1.0,0.1
10630,1.0,0.0
10640,1.0,0.1
10650,1.0,0.0
10660,1.0,0.3
10670,1.0,0.4
10680,1.0,0.1
10690,1.0,0.1
10700,1.0,0.1
10710,1.0,0.2
10720,1.0,0.0
10730,1.0,0.0
10740,1.0,0.2
10750,1.0,0.0
10760,1.0,0.0
10770,1.0,0.0
10780,1.0,0.0
10790,1.0,0.2
10800,1.0,0.0
10810,1.0,0.0
10820,1.0,0.0
10830,1.0,0.0
10840,1.0,0.0
10850,1.0,0.1
10860,1.0,0.1
10870,1.0,0.1
10880,1.0,0.0
10890,1.0,0.1
10900,1.0,0.0
10910,1.0,0.1
10920,1.0,0.1
10930,1.0,0.0
10940,1.0,0.0
10950,1.0,0.0
10960,1.0,0.0
10970,1.0,0.0
10980,1.0,0.0
10990,1.0,0.1
11000,1.0,0.0
11010,1.0,0.0
11020,1.0,0.0
11030,1.0,0.0
11040,1.0,0.0
11050,1.0,0.1
11060,1.0,2.7755576e-17
11070,1.0,0.0
11080,1.0,0.0
11090,1.0,0.1
11100,1.0,0.1
11110,1.0,0.2
11120,1.0,0.0
11130,1.0,0.0
11140,1.0,0.1
11150,1.0,0.0
11160,1.0,0.0
11170,1.0,0.2
11180,1.0,0.0
11190,1.0,0.0
11200,1.0,0.1
11210,1.0,0.0
11220,1.0,0.0
11230,1.0,0.0
11240,1.0,0.0
11250,1.0,0.1
11260,1.0,0.0
11270,1.0,0.0
11280,1.0,0.0
11290,1.0,0.0
11300,1.0,0.0
11310,1.0,0.1
11320,1.0,0.4
11330,1.0,2.7755576e-17
11340,1.0,0.0
11350,1.0,0.1
11360,1.0,0.1
11370,1.0,0.0
11380,1.0,0.1
11390,1.0,0.1
11400,1.0,0.1
11410,1.0,0.2
11420,1.0,0.0
11430,1.0,0.1
11440,1.0,0.1
11450,1.0,0.2
11460,1.0,0.1
11470,1.0,0.2
11480,1.0,0.4
11490,1.0,0.1
11500,1.0,0.0
11510,1.0,0.0
11520,1.0,0.1
11530,1.0,0.1
11540,1.0,0.0
11550,1.0,0.0
11560,1.0,0.0
11570,1.0,0.2
11580,1.0,0.0
11590,1.0,0.1
11600,1.0,0.1
11610,1.0,0.2
11620,1.0,0.0
11630,1.0,0.0
11640,1.0,0.1
11650,1.0,0.2
11660,1.0,0.1
11670,1.0,0.1
11680,1.0,0.0
11690,1.0,0.0
11700,1.0,0.0
11710,1.0,0.1
11720,1.0,0.0
11730,1.0,0.1
11740,1.0,0.1
11750,1.0,0.0
11760,1.0,0.0
11770,1.0,0.2
11780,1.0,0.3
11790,1.0,0.2
11800,1.0,2.7755576e-17
11810,1.0,0.0
11820,1.0,0.0
11830,1.0,0.0
11840,1.0,0.2
11850,1.0,0.0
11860,1.0,0.2
11870,1.0,2.7755576e-17
11880,1.0,0.1
11890,1.0,0.0
11900,1.0,0.2
11910,1.0,0.5
11920,1.0,0.4
11930,1.0,0.4
11940,1.0,0.3
11950,1.0,0.2
11960,1.0,0.0
11970,1.0,0.0
11980,1.0,0.0
11990,1.0,0.0
12000,1.0,0.0
12010,1.0,0.1
12020,1.0,0.0
12030,1.0,0.0
12040,1.0,0.0
12050,1.0,0.1
12060,1.0,0.1
12070,1.0,0.0
12080,1.0,0.3
12090,1.0,2.7755576e-17
12100,1.0,0.0
12110,1.0,0.0
12120,1.0,0.2
12130,1.0,0.2
12140,1.0,0.0
12150,1.0,0.1
12160,1.0,0.3
12170,1.0,0.2
12180,1.0,0.0
12190,1.0,0.1
12200,1.0,0.0
12210,1.0,0.2
12220,1.0,0.2
12230,1.0,0.2
12240,1.0,0.0
12250,1.0,0.0
12260,1.0,0.0
12270,1.0,0.2
12280,1.0,2.7755576e-17
12290,1.0,0.1
12300,1.0,0.1
12310,1.0,0.0
12320,1.0,0.0
12330,1.0,0.0
12340,1.0,0.0
12350,1.0,0.0
12360,1.0,0.0
12370,1.0,0.0
12380,1.0,0.1
12390,1.0,0.0
12400,1.0,0.0
12410,1.0,0.0
12420,1.0,0.1
12430,1.0,0.0
12440,1.0,0.0
12450,1.0,0.0
12460,1.0,0.2
12470,1.0,0.1
12480,1.0,0.3
12490,1.0,2.7755576e-17
12500,1.0,0.0
12510,1.0,0.0
12520,1.0,0.2
12530,1.0,0.0
12540,1.0,0.0
12550,1.0,0.0
12560,1.0,0.0
12570,1.0,0.0
12580,1.0,0.0
12590,1.0,0.1
12600,1.0,0.0
12610,1.0,0.1
12620,1.0,0.0
12630,1.0,0.0
12640,1.0,0.0
12650,1.0,0.0
12660,1.0,0.0
12670,1.0,0.1
12680,1.0,0.0
12690,1.0,0.0
12700,1.0,0.0
12710,1.0,0.1
12720,1.0,0.0
12730,1.0,0.0
12740,1.0,0.0
12750,1.0,0.0
12760,1.0,0.0
12770,1.0,0.0
12780,1.0,0.1
12790,1.0,0.0
12800,1.0,0.0
12810,1.0,0.0
12820,1.0,0.0
12830,1.0,0.1
12840,1.0,0.0
12850,1.0,0.0
12860,1.0,0.0
12870,1.0,0.0
12880,1.0,0.1
12890,1.0,0.1
12900,1.0,0.1
12910,1.0,0.1
12920,1.0,0.0
12930,1.0,0.1
12940,1.0,0.0
12950,1.0,0.0
12960,1.0,0.0
12970,1.0,0.0
12980,1.0,0.1
12990,1.0,0.0
13000,1.0,0.0
13010,1.0,0.1
13020,1.0,0.2
13030,1.0,0.0
13040,1.0,0.0
13050,1.0,0.3
13060,1.0,0.1
13070,1.0,0.0
13080,1.0,0.0
13090,1.0,0.0
13100,1.0,0.0
13110,1.0,0.2
13120,1.0,0.0
13130,1.0,0.0
13140,1.0,0.0
13150,1.0,0.0
13160,1.0,0.0
13170,1.0,0.0
13180,1.0,0.0
13190,1.0,0.1
13200,1.0,0.1
13210,1.0,0.0
13220,1.0,0.0
13230,1.0,0.0
13240,1.0,0.0
13250,1.0,0.0
13260,1.0,0.1
13270,1.0,2.7755576e-17
13280,1.0,2.7755576e-17
13290,1.0,0.0
13300,1.0,0.1
13310,1.0,0.2
13320,1.0,0.1
13330,1.0,0.0
13340,1.0,0.0
13350,1.0,0.0
13360,1.0,0.1
13370,1.0,0.1
13380,1.0,0.1
13390,1.0,0.0
13400,1.0,0.0
13410,1.0,0.0
13420,1.0,0.0
13430,1.0,0.0
13440,1.0,0.0
13450,1.0,0.0
13460,1.0,0.0
13470,1.0,0.0
13480,1.0,0.1
13490,1.0,0.0
13500,1.0,0.0
13510,1.0,0.1
13520,1.0,0.1
13530,1.0,0.0
13540,1.0,0.4
13550,1.0,0.1
13560,1.0,0.0
13570,1.0,0.0
13580,1.0,0.0
13590,1.0,0.1
13600,1.0,0.0
13610,1.0,0.2
13620,1.0,0.2
13630,1.0,0.0
13640,1.0,0.0
13650,1.0,0.0
13660,1.0,0.0
13670,1.0,0.0
13680,1.0,0.0
13690,1.0,0.2
13700,1.0,0.1
13710,1.0,0.0
13720,1.0,0.0
13730,1.0,0.2
13740,1.0,0.0
13750,1.0,0.1
13760,1.0,0.0
13770,1.0,0.0
13780,1.0,0.0
13790,1.0,0.0
13800,1.0,0.0
13810,1.0,0.0
13820,1.0,0.3
13830,1.0,2.7755576e-17
13840,1.0,0.0
13850,1.0,0.1
13860,1.0,0.1
13870,1.0,0.2
13880,1.0,2.7755576e-17
13890,1.0,0.0
13900,1.0,0.0
13910,1.0,0.0
13920,1.0,0.0
13930,1.0,0.1
13940,1.0,0.0
13950,1.0,0.0
13960,1.0,0.1
13970,1.0,0.0
13980,1.0,0.1
13990,1.0,0.0
14000,1.0,0.1
14010,1.0,0.1
14020,1.0,0.1
14030,1.0,2.7755576e-17
14040,1.0,2.7755576e-17
14050,1.0,0.2
14060,1.0,2.7755576e-17
14070,1.0,0.0
14080,1.0,0.0
14090,1.0,0.0
14100,1.0,0.0
14110,1.0,0.0
14120,1.0,0.0
14130,1.0,0.0
14140,1.0,0.2
14150,1.0,0.0
14160,1.0,0.1
14170,1.0,0.0
14180,1.0,0.0
14190,1.0,0.0
14200,1.0,0.0
14210,1.0,0.0
14220,1.0,0.0
14230,1.0,0.0
14240,1.0,0.0
14250,1.0,0.0
14260,1.0,0.0
14270,1.0,0.0
14280,1.0,0.0
14290,1.0,0.1
14300,1.0,0.0
14310,1.0,0.1
14320,1.0,0.2
14330,1.0,0.1
14340,1.0,0.0
14350,1.0,0.0
14360,1.0,0.0
14370,1.0,0.0
14380,1.0,0.0
14390,1.0,0.0
14400,1.0,0.0
14410,1.0,0.0
14420,1.0,0.0
14430,1.0,0.0
14440,1.0,0.0
14450,1.0,0.0
14460,1.0,0.0
14470,1.0,0.0
14480,1.0,0.1
14490,1.0,2.7755576e-17
14500,1.0,0.2
14510,1.0,0.0
14520,1.0,0.0
14530,1.0,0.1
14540,1.0,0.2
14550,1.0,0.1
14560,1.0,0.2
14570,1.0,0.0
14580,1.0,0.1
14590,1.0,0.0
14600,1.0,0.0
14610,1.0,0.0
14620,1.0,0.0
14630,1.0,0.0
14640,1.0,0.0
14650,1.0,0.0
14660,1.0,0.2
14670,1.0,0.0
14680,1.0,0.0
14690,1.0,0.0
14700,1.0,0.0
14710,1.0,0.2
14720,1.0,0.0
14730,1.0,0.0
14740,1.0,0.0
14750,1.0,0.0
14760,1.0,0.0
14770,1.0,0.1
14780,1.0,0.0
14790,1.0,0.0
14800,1.0,0.0
14810,1.0,0.0
14820,1.0,0.0
14830,1.0,0.0
14840,1.0,0.0
14850,1.0,0.1
14860,1.0,0.0
14870,1.0,0.1
14880,1.0,0.0
14890,1.0,0.0
14900,1.0,0.0
14910,1.0,0.0
14920,1.0,0.0
14930,1.0,0.0
14940,1.0,0.0
14950,1.0,0.1
14960,1.0,0.0
14970,1.0,0.0
14980,1.0,0.1
14990,1.0,0.0
15000,1.0,0.2
15010,1.0,2.7755576e-17
15020,1.0,0.0
15030,1.0,0.0
15040,1.0,0.0
15050,1.0,0.0
15060,1.0,0.0
15070,1.0,0.0
15080,1.0,0.1
15090,1.0,0.0
15100,1.0,0.0
15110,1.0,0.0
15120,1.0,0.0
15130,1.0,0.0
15140,1.0,0.0
15150,1.0,0.2
15160,1.0,0.0
15170,1.0,0.0
15180,1.0,0.0
15190,1.0,0.0
15200,1.0,0.0
15210,1.0,0.0
15220,1.0,0.0
15230,1.0,0.0
15240,1.0,0.0
15250,1.0,0.0
15260,1.0,0.1
15270,1.0,0.0
15280,1.0,0.0
15290,1.0,0.0
15300,1.0,0.0
15310,1.0,0.0
15320,1.0,0.0
15330,1.0,0.0
15340,1.0,0.0
15350,1.0,0.0
15360,1.0,0.0
15370,1.0,0.0
15380,1.0,0.0
15390,1.0,0.0
15400,1.0,0.0
15410,1.0,0.0
15420,1.0,0.0
15430,1.0,0.0
15440,1.0,0.0
15450,1.0,0.2
15460,1.0,0.1
15470,1.0,0.0
15480,1.0,0.0
15490,1.0,0.0
15500,1.0,0.0
15510,1.0,0.1
15520,1.0,0.0
15530,1.0,0.0
15540,1.0,0.0
15550,1.0,0.0
15560,1.0,0.0
15570,1.0,0.0
15580,1.0,0.0
15590,1.0,0.0
15600,1.0,0.0
15610,1.0,0.0
15620,1.0,0.0
15630,1.0,0.0
15640,1.0,0.0
15650,1.0,0.0
15660,1.0,0.0
15670,1.0,0.0
15680,1.0,0.0
15690,1.0,0.0
15700,1.0,0.0
15710,1.0,0.1
15720,1.0,0.0
15730,1.0,0.0
15740,1.0,0.1
15750,1.0,0.0
15760,1.0,0.0
15770,1.0,0.3
15780,1.0,0.3
15790,1.0,2.7755576e-17
15800,1.0,0.0
15810,1.0,0.0
15820,1.0,0.0
15830,1.0,0.0
15840,1.0,0.0
15850,1.0,0.1
15860,1.0,0.0
15870,1.0,0.0
15880,1.0,0.0
15890,1.0,0.0
15900,1.0,0.0
15910,1.0,0.0
15920,1.0,0.1
15930,1.0,0.0
15940,1.0,0.0
15950,1.0,0.1
15960,1.0,0.0
15970,2.0,0.0
15980,1.0,0.0
15990,2.0,0.0
16000,2.0,0.0
16010,1.0,0.0
16020,1.0,0.0
16030,1.0,0.0
16040,1.0,0.0
16050,1.0,0.0
16060,1.0,0.0
16070,1.0,0.0
16080,2.0,0.0
16090,1.0,0.0
16100,1.0,0.0
16110,1.0,0.0
16120,1.0,0.1
16130,2.0,0.0
16140,2.0,0.0
16150,2.0,0.0
16160,2.0,0.1
16170,2.0,0.0
16180,2.0,0.0
16190,2.0,0.0
16200,1.0,0.0
16210,1.0,0.0
16220,1.0,0.0
16230,1.0,0.0
16240,1.0,0.1
16250,2.0,0.0
16260,2.0,0.1
16270,2.0,0.0
16280,2.0,0.0
16290,2.0,0.0
16300,2.0,0.1
16310,2.0,0.0
16320,2.0,0.0
16330,2.0,0.0
16340,2.0,0.0
16350,2.0,0.0
16360,2.0,0.0
16370,2.0,0.0
16380,2.0,0.0
16390,2.0,0.1
16400,2.0,0.0
16410,2.0,0.0
16420,2.0,0.0
16430,2.0,0.0
16440,2.0,0.0
16450,2.0,0.0
16460,2.0,0.0
16470,2.0,0.0
16480,2.0,0.0
16490,2.0,0.0
16500,1.0,0.0
16510,1.0,0.0
16520,1.0,0.1
16530,1.0,0.0
16540,1.0,0.0
16550,2.0,0.1
16560,2.0,0.0
16570,2.0,0.0
16580,2.0,0.0
16590,2.0,0.1
16600,2.0,0.0
16610,2.0,0.0
16620,2.0,0.0
16630,2.0,0.0
16640,2.0,0.0
16650,2.0,0.0
16660,2.0,0.0
16670,2.0,0.0
16680,2.0,0.0
16690,2.0,0.0
16700,2.0,0.0
16710,2.0,0.0
16720,2.0,0.0
16730,2.0,0.0
16740,2.0,0.0
16750,2.0,0.0
16760,2.0,0.0
16770,2.0,0.0
16780,2.0,0.0
16790,2.0,0.0
16800,2.0,0.0
16810,2.0,0.0
16820,2.0,0.0
16830,2.0,0.0
16840,1.0,0.0
16850,2.0,0.0
16860,2.0,0.0
16870,2.0,0.0
16880,2.0,0.0
16890,2.0,0.0
16900,2.0,0.0
16910,2.0,0.0
16920,2.0,0.0
16930,2.0,0.0
16940,2.0,0.0
16950,2.0,0.0
16960,2.0,0.0
16970,2.0,0.1
16980,2.0,0.0
16990,2.0,0.0
17000,2.0,0.0
17010,2.0,0.1
17020,1.0,0.1
17030,1.0,0.0
17040,1.0,0.0
17050,1.0,0.0
17060,2.0,0.0
17070,2.0,0.1
17080,4.0,0.3
17090,5.0,0.1
17100,3.0,0.0
17110,4.0,0.1
17120,3.0,0.0
17130,4.0,0.0
17140,4.0,0.0
17150,5.0,0.0
17160,3.0,0.0
17170,3.0,0.0
17180,3.0,0.0
17190,4.0,0.0
17200,5.0,0.0
17210,4.0,0.0
17220,4.0,0.0
17230,3.0,0.0
17240,2.0,0.0
17250,3.0,0.0
17260,3.0,0.0
17270,3.0,0.0
17280,5.0,0.0
17290,5.0,0.0
17300,3.0,0.0
17310,3.0,0.0
17320,2.0,0.0
17330,4.0,0.0
17340,4.0,0.0
17350,3.0,0.0
17360,4.0,0.2
17370,3.0,0.0
17380,4.0,0.0
17390,3.0,0.0
17400,4.0,0.0
17410,3.0,0.1
17420,4.0,0.0
17430,4.0,0.0
17440,3.0,0.0
17450,4.0,0.1
17460,5.0,0.0
17470,3.0,0.0
17480,3.0,0.0
17490,3.0,0.0
17500,3.0,0.0
17510,3.0,0.0
17520,4.0,0.0
17530,3.0,0.0
17540,3.0,0.2
17550,4.0,0.0
17560,3.0,0.0
17570,4.0,0.0
17580,3.0,0.0
17590,3.0,0.0
17600,3.0,0.0
17610,3.0,0.0
17620,3.0,0.0
17630,3.0,0.0
17640,3.0,0.0
17650,3.0,0.0
17660,3.0,0.0
17670,3.0,0.0
17680,3.0,0.0
17690,3.0,0.0
17700,3.0,0.0
17710,3.0,0.0
17720,3.0,0.0
17730,4.0,0.0
17740,4.0,0.0
17750,3.0,0.0
17760,3.0,0.0
17770,3.0,0.0
17780,3.0,0.0
17790,3.0,0.1
17800,3.0,0.0
17810,4.0,0.0
17820,4.0,0.1
17830,3.0,0.0
17840,3.0,0.0
17850,3.0,0.0
17860,2.0,0.0
17870,2.0,0.1
17880,2.0,0.0
17890,2.0,0.0
17900,3.0,0.0
17910,3.0,0.0
17920,2.0,0.0
17930,2.0,0.0
17940,3.0,0.0
17950,2.0,0.0
17960,2.0,0.0
17970,2.0,0.0
17980,2.0,0.0
17990,2.0,0.0
18000,2.0,0.0
18010,2.0,0.0
18020,2.0,0.1
18030,2.0,0.0
18040,2.0,0.0
18050,2.0,0.0
18060,2.0,0.0
18070,2.0,0.0
18080,2.0,0.0
18090,2.0,0.0
18100,2.0,0.0
18110,2.0,0.0
18120,2.0,0.0
18130,2.0,0.0
18140,2.0,0.0
18150,2.0,0.0
18160,2.0,0.0
18170,2.0,0.0
18180,2.0,0.0
18190,2.0,0.0
18200,2.0,0.1
18210,2.0,0.0
18220,2.0,0.0
18230,2.0,0.1
18240,2.0,0.0
18250,2.0,0.0
18260,2.0,0.0
18270,2.0,0.0
18280,2.0,0.0
18290,2.0,0.1
18300,2.0,0.0
18310,2.0,0.0
18320,2.0,0.0
18330,2.0,0.0
18340,2.0,0.0
18350,2.0,0.0
18360,2.0,0.0
18370,3.0,0.0
18380,2.0,0.0
18390,2.0,0.1
18400,2.0,0.1
18410,2.0,0.1
18420,2.0,0.0
18430,2.0,0.1
