time/fps,time/iterations,time/total_timesteps,train/learning_rate,train/value_loss,rollout/ep_len_mean,train/n_updates,train/explained_variance,train/policy_loss,rollout/ep_rew_mean,time/time_elapsed,train/entropy_loss,env/aqi,env/wind_speed,env/concentration,env/energy,env/voltage
1142,100,500,0.0001,1.353115200996399,1.6989999999999998,99,0.0374789834022522,1.0861791372299194,0.8379616804269007,0,-1.0936546325683594,,,,,
1150,200,1000,0.0001,3.1594417095184326,1.6989999999999994,199,0.004229187965393066,1.7905457019805908,1.4281979704157257,0,-1.0945736169815063,53.47418620353702,2.2873999999999994,14.191449223293004,204.45264,2.2873999999999994
1256,300,1500,0.0001,2.8455071449279785,1.6989999999999994,299,-0.009008169174194336,1.611026406288147,1.4208717883994237,1,-1.0897462368011475,,,,,
1281,400,2000,0.0001,0.2076866626739502,1.6989999999999992,399,-0.000764012336730957,0.45980483293533325,1.2810072392378953,1,-1.0897883176803589,72.88491974647626,2.0676,553616.6621565016,184.21271999999996,2.0676
1342,500,2500,0.0001,0.3065004050731659,0.09999999999999998,499,0.04009711742401123,0.570248007774353,0.445414453802665,1,-1.0969873666763306,,,,,
1404,600,3000,0.0001,2.7570207118988037,0.09999999999999998,599,-0.0023665428161621094,1.577883005142212,0.5444327539068131,2,-1.089184045791626,69.45804268042703,1.8340999999999996,87431.94907099707,139.69475999999995,1.8340999999999996
1476,700,3500,0.0001,2.5959696769714355,0.09999999999999998,699,0.0055925846099853516,1.4503250122070312,0.5809476370678754,2,-1.0813480615615845,,,,,
1525,800,4000,0.0001,0.7130904793739319,1.699,799,-0.0013839006423950195,0.7723824381828308,1.375900024551268,2,-1.0828123092651367,53.513292509633224,2.2308,13.7369789404974,186.12071999999998,2.2308
1486,900,4500,0.0001,3.082929849624634,1.6989999999999998,899,-0.0008296966552734375,1.6092112064361572,0.62790813492724,3,-1.0841562747955322,,,,,
1342,1000,5000,0.0001,1.1211028099060059,1.6989999999999994,999,-0.006869077682495117,1.138221025466919,1.102875890987068,3,-1.0875720977783203,57.69310785676768,2.1572,15.806887576391155,181.48896,2.1572
1327,1100,5500,0.0001,0.8458992838859558,1.6989999999999994,1099,-5.364418029785156e-06,0.8842470049858093,1.0846304980104489,4,-1.088987946510315,,,,,
1320,1200,6000,0.0001,0.023180147632956505,1.6989999999999992,1199,-0.0017216205596923828,0.17255720496177673,1.0161268214326638,4,-1.0897358655929565,58.045534038288075,1.9884999999999995,15.783563312757025,151.69283999999996,1.9884999999999995
1334,1300,6500,0.0001,1.673566460609436,0.09999999999999998,1299,-0.0007090568542480469,1.276658296585083,0.47294538060243063,4,-1.0876785516738892,,,,,
1353,1400,7000,0.0001,2.4920601844787598,0.09999999999999998,1399,-8.249282836914062e-05,1.671491026878357,0.575522844579838,5,-1.082710862159729,57.49353751339234,2.0027999999999997,15.454151893211234,152.43983999999998,2.0027999999999997
1371,1500,7500,0.0001,1.315805435180664,0.09999999999999998,1499,-0.00010061264038085938,0.9669134020805359,0.3895689127358269,5,-1.073504090309143,,,,,
1387,1600,8000,0.0001,1.4327539205551147,1.699,1599,4.792213439941406e-05,0.9793131947517395,1.0800714887574763,5,-1.073040246963501,54.62690792457234,2.1375,14.250939052691468,171.60948,2.1375
1409,1700,8500,0.0001,2.6044516563415527,1.6989999999999998,1699,-0.0013890266418457031,1.4748141765594482,0.8966648912776464,6,-1.0707852840423584,,,,,
1229,1800,9000,0.0001,0.11126738786697388,1.6989999999999994,1799,-0.0001779794692993164,0.2962455153465271,1.373555932680454,7,-1.0761773586273193,48.66856508507237,2.4997000000000003,11.960755659062608,230.16564000000002,2.4997000000000003
1100,1900,9500,0.0001,0.019160078838467598,1.6989999999999994,1899,-0.01927649974822998,-0.14004096388816833,1.0576074507476516,8,-1.0859572887420654,,,,,
1097,2000,10000,0.0001,0.1532362997531891,1.6989999999999992,1999,0.0003159046173095703,0.3842792809009552,1.3110984153538836,9,-1.0877649784088135,62.252682382651024,1.8613999999999993,17.497581594980595,134.10791999999995,1.8613999999999993
1076,2100,10500,0.0001,0.3479025959968567,0.09999999999999998,2099,0.00023114681243896484,0.5709385275840759,0.510164767380479,9,-1.0887253284454346,,,,,
1061,2200,11000,0.0001,1.014224648475647,0.09999999999999998,2199,-1.1801719665527344e-05,0.9703037142753601,0.3863348866374073,10,-1.0882699489593506,56.63867366227886,2.0587,15.126669041121586,161.35091999999995,2.0587
1059,2300,11500,0.0001,2.5204098224639893,0.09999999999999998,2299,-5.0067901611328125e-06,1.4814355373382568,0.436341450037514,10,-1.06583571434021,,,,,
1058,2400,12000,0.0001,2.1134915351867676,1.699,2399,-3.5762786865234375e-06,1.2009044885635376,1.2048162792295287,11,-1.0555970668792725,52.170119883199824,2.2808999999999995,13.212156192956721,193.10652,2.2808999999999995
1027,2500,12500,0.0001,2.2901461124420166,1.6989999999999998,2499,-7.62939453125e-05,1.5262190103530884,0.9453610174439233,12,-1.0636415481567383,,,,,
1018,2600,13000,0.0001,0.18500716984272003,1.6989999999999994,2599,2.7060508728027344e-05,0.4467623233795166,1.3720278020137249,12,-1.0579205751419067,57.07535725078916,1.9962999999999993,15.129578667644967,148.35563999999997,1.9962999999999993
1020,2700,13500,0.0001,1.2275696992874146,1.6989999999999994,2699,0.0,1.0739338397979736,1.2687817156856203,13,-1.0713868141174316,,,,,
1027,2800,14000,0.0001,0.3247207701206207,1.6989999999999992,2799,-7.271766662597656e-06,0.5783287286758423,1.2630622674816305,13,-1.0638797283172607,51.31280885664563,2.3359999999999994,12.818395078770791,201.13992000000002,2.3359999999999994
1035,2900,14500,0.0001,0.6831632256507874,0.09999999999999998,2899,-2.6226043701171875e-06,0.6349760293960571,0.5937624648600927,13,-1.0790259838104248,,,,,
1042,3000,15000,0.0001,0.23017363250255585,0.09999999999999998,2999,2.682209014892578e-06,0.46652087569236755,0.46487984624191236,14,-1.079660177230835,53.141703883304,2.2398999999999996,13.642604849674548,188.94924,2.2398999999999996
1049,3100,15500,0.0001,1.5210965871810913,0.09999999999999998,3099,-2.384185791015625e-07,1.1821691989898682,0.5572710988395727,14,-1.068458914756775,,,,,
1057,3200,16000,0.0001,0.6612817645072937,1.699,3199,-0.00025212764739990234,0.6967616677284241,1.1560073496567913,15,-1.0399116277694702,53.327839470606264,2.2087999999999997,13.54369973892559,179.96832,2.2087999999999997
1060,3300,16500,0.0001,1.6892459392547607,1.6989999999999998,3299,-4.76837158203125e-06,0.9788827896118164,1.4100407950257539,15,-1.0483094453811646,,,,,
1064,3400,17000,0.0001,0.16070915758609772,1.6989999999999994,3399,5.960464477539063e-08,0.4135507643222809,1.541305531108519,15,-1.038632869720459,51.924472041693626,2.2938,12.93415357950519,192.62591999999998,2.2938
1047,3500,17500,0.0001,1.4087477922439575,1.6989999999999994,3499,0.0,1.3963786363601685,1.0651378788274948,16,-1.0501961708068848,,,,,
1029,3600,18000,0.0001,0.5522876977920532,1.6989999999999992,3599,0.0,0.8648255467414856,1.1662232781289663,17,-1.0443414449691772,54.645378921713636,2.1465,14.120392983105042,171.3294,2.1465
1021,3700,18500,0.0001,0.13010112941265106,0.09999999999999998,3699,-0.005779385566711426,-0.42802175879478455,0.37028402185334,18,-1.0453969240188599,,,,,
1011,3800,19000,0.0001,1.0896990299224854,0.09999999999999998,3799,2.8014183044433594e-06,0.9096482396125793,0.45858950420754163,18,-1.0760307312011719,56.334969018960635,2.0645999999999995,14.786813841896008,158.84927999999996,2.0645999999999995
1000,3900,19500,0.0001,0.5334182977676392,0.09999999999999998,3899,0.0,0.7543835639953613,0.4351650921168565,19,-1.0399619340896606,,,,,
989,4000,20000,0.0001,1.1463319063186646,1.699,3999,4.172325134277344e-06,1.0893604755401611,1.3638543958237215,20,-1.0364488363265991,52.91166573568152,2.2337,13.433802451230102,184.45571999999999,2.2337
983,4100,20500,0.0001,1.240893006324768,1.6989999999999998,4099,-1.1920928955078125e-06,1.1553618907928467,1.4299912211898902,20,-1.0534120798110962,,,,,
966,4200,21000,0.0001,1.060481309890747,1.6989999999999994,4199,0.0,0.7850338816642761,1.4297853049526585,21,-1.0332295894622803,55.554925683446335,2.0893999999999995,14.490036270137935,162.40175999999997,2.0893999999999995
963,4300,21500,0.0001,0.2152898609638214,1.6989999999999994,4299,0.0,0.42045456171035767,1.2942190718037425,22,-1.0357457399368286,,,,,
965,4400,22000,0.0001,0.07604058086872101,1.6989999999999992,4399,0.0,0.18947947025299072,1.2196827246541073,22,-1.0350126028060913,52.13991251590838,2.2786,13.086922576515855,190.99295999999998,2.2786
970,4500,22500,0.0001,0.45198115706443787,0.09999999999999998,4499,1.8477439880371094e-06,0.5097058415412903,0.5061398115049487,23,-1.047342300415039,,,,,
969,4600,23000,0.0001,0.8908505439758301,0.09999999999999998,4599,0.0,0.874001681804657,0.39307181470096075,23,-1.0620887279510498,54.26003491875971,2.1616999999999997,14.034387428183782,174.38867999999997,2.1616999999999997
970,4700,23500,0.0001,0.5287235975265503,0.09999999999999998,4699,0.0,0.5519595146179199,0.6145705052456306,24,-1.0183062553405762,,,,,
973,4800,24000,0.0001,0.4217120110988617,1.699,4799,0.0,0.655160665512085,1.2719546512635782,24,-1.0168033838272095,53.42189817350453,2.1991,13.597128486463996,178.37676,2.1991
979,4900,24500,0.0001,0.8732432126998901,1.6989999999999998,4899,-1.1920928955078125e-07,1.068375825881958,1.313727854378874,25,-1.0250006914138794,,,,,
983,5000,25000,0.0001,0.0976337343454361,1.6989999999999994,4999,0.0,0.3608413338661194,1.360032000410923,25,-1.0680787563323975,52.6900011058216,2.2515,13.260256055893912,186.31547999999998,2.2515
988,5100,25500,0.0001,0.4756588041782379,1.6989999999999994,5099,0.0,0.7206235527992249,1.3829407974635008,25,-1.0657846927642822,,,,,
993,5200,26000,0.0001,0.03938465192914009,1.6989999999999992,5199,-1.1920928955078125e-07,0.18332675099372864,1.246319091238538,26,-1.0395128726959229,53.319038763782395,2.2178999999999998,13.528721879508549,181.74275999999995,2.2178999999999998
965,5300,26500,0.0001,0.09620367735624313,0.09999999999999998,5299,0.0,-0.3066924214363098,0.5015068552879124,27,-1.0374513864517212,,,,,
955,5400,27000,0.0001,0.0337597019970417,0.09999999999999998,5399,0.0,0.1542292833328247,0.4370784680661531,28,-1.0191612243652344,52.54739007206206,2.2580999999999993,13.204535697959148,187.4574,2.2580999999999993
922,5500,27500,0.0001,0.2319505512714386,0.09999999999999998,5499,0.0,0.4528426229953766,0.5344087243248091,29,-1.0470938682556152,,,,,
926,5600,28000,0.0001,0.057189036160707474,1.699,5599,0.0,-0.23241984844207764,1.2377224295947062,30,-1.0252796411514282,51.67286387715381,2.3135999999999997,12.839097438670432,195.97536,2.3135999999999997
931,5700,28500,0.0001,0.12345187366008759,1.6989999999999998,5699,2.9146671295166016e-05,0.3803500235080719,1.3384816665739059,30,-1.0314388275146484,,,,,
937,5800,29000,0.0001,0.7901620268821716,1.6989999999999994,5799,0.0,0.9026290774345398,1.3215636849071664,30,-1.05942702293396,53.043110121109564,2.2376,13.378353864886794,184.23576,2.2376
937,5900,29500,0.0001,0.1730853021144867,1.6989999999999994,5899,0.0,0.4174219071865082,1.2105574958317333,31,-1.0709824562072754,,,,,
909,6000,30000,0.0001,0.006950638256967068,1.6989999999999992,5999,0.0,0.06898023188114166,1.3333465852505437,32,-0.9868938326835632,54.018231781173895,2.1712999999999996,13.857045768520031,174.81995999999995,2.1712999999999996
912,6100,30500,0.0001,0.009148788638412952,0.09999999999999998,6099,-3.0159950256347656e-05,0.08815696090459824,0.5528800420710749,33,-1.0396674871444702,,,,,
917,6200,31000,0.0001,0.3751955032348633,0.09999999999999998,6199,-1.1920928955078125e-07,0.558840274810791,0.5217926763392626,33,-1.0444360971450806,52.24788581658697,2.2817999999999996,13.101390468643013,191.47176,2.2817999999999996
925,6300,31500,0.0001,0.1140517145395279,0.09999999999999998,6299,0.0,0.2826940417289734,0.5516783718841708,34,-1.0221115350723267,,,,,
933,6400,32000,0.0001,0.06924610584974289,1.699,6399,0.0,-0.32030877470970154,1.443069152547273,34,-0.993191123008728,53.7597579061866,2.1933999999999996,13.681775495584192,177.54191999999998,2.1933999999999996
941,6500,32500,0.0001,0.8091745376586914,1.6989999999999998,6499,0.0,0.8723050355911255,1.4314521621363907,34,-1.0448472499847412,,,,,
945,6600,33000,0.0001,0.07079347223043442,1.6989999999999994,6599,0.0,-0.26650622487068176,1.3450905448173631,34,-1.0364910364151,52.76064528848201,2.2576,13.277412107017588,187.73063999999997,2.2576
950,6700,33500,0.0001,0.14398851990699768,1.6989999999999994,6699,0.0,-0.28311723470687866,1.3067574645040907,35,-0.9899436831474304,,,,,
954,6800,34000,0.0001,0.06557305157184601,1.6989999999999992,6799,0.0,-0.24686965346336365,1.404125660212004,35,-0.9834717512130737,51.88433050059996,2.3032999999999997,12.937032924654334,194.64876,2.3032999999999997
961,6900,34500,0.0001,0.6943076848983765,0.09999999999999998,6899,6.9141387939453125e-06,0.611943244934082,0.5849279476715625,35,-1.0279407501220703,,,,,
968,7000,35000,0.0001,0.5391494035720825,0.09999999999999998,6999,0.0,0.5884002447128296,0.5843856156433427,36,-1.0072402954101562,52.378662033428874,2.2742,13.0487098329611,189.14615999999998,2.2742
975,7100,35500,0.0001,0.10468637943267822,0.09999999999999998,7099,0.0,0.3254363536834717,0.583739257494564,36,-0.9653007388114929,,,,,
982,7200,36000,0.0001,0.12791265547275543,1.699,7199,0.0,-0.24648913741111755,1.468328668873977,36,-0.9460663795471191,53.62237092937305,2.2056,13.550190859458107,178.78104,2.2056
988,7300,36500,0.0001,0.5931673049926758,1.6989999999999998,7299,0.0,0.6554140448570251,1.4728973207448879,36,-0.9078462719917297,,,,,
995,7400,37000,0.0001,0.0009864915627986193,1.6989999999999994,7399,5.960464477539063e-08,-0.004927025642246008,1.4996168526939044,37,-0.8772153854370117,51.90731791585463,2.3042999999999996,12.828363739029585,193.57163999999997,2.3042999999999996
999,7500,37500,0.0001,0.47698459029197693,1.6989999999999994,7499,0.0,0.3073270916938782,1.5695629304708374,37,-0.8380878567695618,,,,,
986,7600,38000,0.0001,0.5342004895210266,1.6989999999999992,7599,0.0,0.7815549373626709,1.5049564583237471,38,-0.8192211985588074,51.6334702186411,2.32,12.756285216720345,196.308,2.32
959,7700,38500,0.0001,0.306144654750824,0.09999999999999998,7699,0.0,0.15581731498241425,0.6597858523111505,40,-0.7536134719848633,,,,,
963,7800,39000,0.0001,0.42789095640182495,0.09999999999999998,7799,0.0,0.4050811231136322,0.6103932889022667,40,-0.7364932298660278,51.56317963507247,2.3258,12.625816053579317,196.1424,2.3258
967,7900,39500,0.0001,0.1429649442434311,0.09999999999999998,7899,0.0,0.2000536471605301,0.5483918275073862,40,-0.7247743010520935,,,,,
973,8000,40000,0.0001,0.03668965399265289,1.699,7999,0.0,0.07999388873577118,1.5275969753598255,41,-0.6281940340995789,52.27202154483467,2.2786,12.933633310793427,188.82647999999998,2.2786
980,8100,40500,0.0001,0.4862706661224365,1.6989999999999998,8099,0.0,0.10714298486709595,1.4963487838551899,41,-0.5239721536636353,,,,,
986,8200,41000,0.0001,0.22184619307518005,1.6989999999999994,8199,0.0,0.05534176900982857,1.5391386683915018,41,-0.45322126150131226,51.16967297328864,2.349,12.505413282486717,200.15063999999998,2.349
989,8300,41500,0.0001,0.44298869371414185,1.6989999999999994,8299,0.0,0.07466672360897064,1.628136363414172,41,-0.4407435953617096,,,,,
988,8400,42000,0.0001,0.1888331025838852,1.6989999999999992,8399,0.0,0.04470086842775345,1.6603638831926992,42,-0.41563624143600464,51.00668996118262,2.3624,12.394717290682584,201.86424,2.3624
989,8500,42500,0.0001,0.3965032398700714,0.09999999999999998,8499,0.0,0.05709448456764221,0.6536349094904729,42,-0.3814522624015808,,,,,
986,8600,43000,0.0001,0.007561898324638605,0.09999999999999998,8599,0.0,0.04744993895292282,0.6558370519503766,43,-0.3086422085762024,50.785951175222834,2.3836999999999997,12.2684439475529,205.2414,2.3836999999999997
989,8700,43500,0.0001,0.14269937574863434,0.09999999999999998,8699,0.0,0.018249640241265297,0.6284521027272981,43,-0.23440782725811005,,,,,
994,8800,44000,0.0001,0.00012571005208883435,1.699,8799,4.172325134277344e-07,0.0006381755811162293,1.618165459364559,44,-0.2614923119544983,52.41116552886074,2.2779,12.85889673368353,187.73531999999994,2.2779
1000,8900,44500,0.0001,0.2053685188293457,1.6989999999999998,8899,5.960464477539063e-08,0.3526628911495209,1.679598921540898,44,-0.24990972876548767,,,,,
1006,9000,45000,0.0001,0.02267485298216343,1.6989999999999994,8999,0.0,0.006415932439267635,1.2409297274496924,44,-0.21334576606750488,50.3519831785046,2.4047,12.165912044540223,209.02932,2.4047
1011,9100,45500,0.0001,0.019064325839281082,1.6989999999999994,9099,0.0,0.005483435466885567,1.6198811262827393,44,-0.20491552352905273,,,,,
1016,9200,46000,0.0001,0.10050921142101288,1.6989999999999992,9199,0.0,0.010589437559247017,1.5556698578374204,45,-0.18072500824928284,51.479395731995204,2.3309,12.58747362984205,196.85268,2.3309
1021,9300,46500,0.0001,0.01422321517020464,0.09999999999999998,9299,0.0,0.005206548608839512,0.6127448783315362,45,-0.2230464518070221,,,,,
1026,9400,47000,0.0001,0.011113514192402363,0.09999999999999998,9399,0.0,-0.003582271281629801,0.5767167142687774,45,-0.17589280009269714,50.4766613460603,2.3943000000000003,12.223894899530839,207.2502,2.3943000000000003
1031,9500,47500,0.0001,0.007934492081403732,0.09999999999999998,9499,5.960464477539063e-08,0.0028406050987541676,0.6070188794959109,46,-0.16606375575065613,,,,,
1034,9600,48000,0.0001,0.009950565174221992,1.699,9599,0.0,-0.0020730160176753998,1.6691295752086024,46,-0.11899016052484512,50.63406027573295,2.3928999999999996,12.214958405038566,206.74620000000002,2.3928999999999996
1038,9700,48500,0.0001,0.09306357800960541,1.6989999999999998,9699,0.0,0.005825198255479336,1.630329343174667,46,-0.10923626273870468,,,,,
1043,9800,49000,0.0001,0.18830546736717224,1.6989999999999994,9799,0.0,0.006528651807457209,1.6983488919315217,46,-0.09150200337171555,49.715375645588395,2.4451,11.929673875782822,215.46179999999998,2.4451
1048,9900,49500,0.0001,0.07133065164089203,1.6989999999999994,9899,0.0,0.003632590174674988,1.642770143695146,47,-0.08420370519161224,,,,,
1053,10000,50000,0.0001,0.06272977590560913,1.6989999999999992,9999,0.0,0.003198572900146246,1.7534603643256566,47,-0.07986435294151306,51.08733072398182,2.3672,12.336562123081771,202.18175999999997,2.3672
1057,10100,50500,0.0001,0.1458311378955841,0.09999999999999998,10099,0.0,0.004543753806501627,0.6797453425038691,47,-0.07564215362071991,,,,,
1062,10200,51000,0.0001,0.024188809096813202,0.09999999999999998,10199,-1.1920928955078125e-07,0.0018018081318587065,0.6487678735468633,48,-0.07417044043540955,50.56393826645334,2.3915,12.214088070396835,206.40203999999997,2.3915
1066,10300,51500,0.0001,0.12166329473257065,0.09999999999999998,10299,0.0,0.0050354949198663235,0.6947899363524799,48,-0.08620842546224594,,,,,
1068,10400,52000,0.0001,0.0352088138461113,1.699,10399,0.0001499652862548828,0.0025476745795458555,1.6814286654431225,48,-0.08188576251268387,49.687528221053725,2.4530999999999996,11.890181948380127,216.86867999999998,2.4530999999999996
1067,10500,52500,0.0001,0.10040073096752167,1.6989999999999998,10499,0.0,0.429304838180542,1.6763720203237722,49,-0.06736744940280914,,,,,
1070,10600,53000,0.0001,0.09027203917503357,1.6989999999999994,10599,0.0,0.003837465075775981,1.663719234500849,49,-0.07720936834812164,50.39979724234507,2.4098999999999995,12.107507881090468,209.36339999999998,2.4098999999999995
1074,10700,53500,0.0001,0.017297647893428802,1.6989999999999994,10699,0.0,0.001317163580097258,1.6654941933096088,49,-0.06385131925344467,,,,,
1079,10800,54000,0.0001,0.0726340040564537,1.6989999999999992,10799,0.0,0.0022525102831423283,1.663793570174102,50,-0.055527590215206146,51.19345532092605,2.3663999999999996,12.331301031061775,201.89736,2.3663999999999996
1083,10900,54500,0.0001,0.06573463976383209,0.09999999999999998,10899,1.9788742065429688e-05,0.0018162403721362352,0.6833925167701989,50,-0.04922819137573242,,,,,
1087,11000,55000,0.0001,0.055746108293533325,0.09999999999999998,10999,0.0,0.0015259759966284037,0.6551269162061422,50,-0.04519714415073395,50.03983336864307,2.4252999999999996,12.041360486728266,212.20164000000003,2.4252999999999996
1092,11100,55500,0.0001,1.0898394975811243e-05,0.09999999999999998,11099,1.1920928955078125e-06,2.277692146890331e-05,0.661759220911599,50,-0.04671837016940117,,,,,
1096,11200,56000,0.0001,0.042418818920850754,1.699,11199,1.1920928955078125e-07,0.0014058363158255816,1.691914290059326,51,-0.04634871333837509,49.67459521497473,2.4430999999999994,11.946271739339197,215.21268,2.4430999999999994
1100,11300,56500,0.0001,0.0018358940724283457,1.6989999999999998,11299,0.0,0.0002848216681741178,1.7128855460750254,51,-0.04502681642770767,,,,,
1104,11400,57000,0.0001,0.0008571654325351119,1.6989999999999994,11399,1.1920928955078125e-07,0.000150974839925766,1.6814286654431232,51,-0.036611948162317276,48.87933217804093,2.4836,11.738146975264936,222.17112,2.4836
1108,11500,57500,0.0001,0.000392361223930493,1.6989999999999994,11499,1.7881393432617188e-07,9.173845319310203e-05,1.6515313905442608,51,-0.033565498888492584,,,,,
1112,11600,58000,0.0001,0.00010588540317257866,1.6989999999999992,11599,1.0728836059570312e-06,4.9486632633488625e-05,1.6814286654431232,52,-0.03464072197675705,49.440570983466316,2.458,11.865710702243733,217.70928000000004,2.458
1116,11700,58500,0.0001,0.02192729152739048,0.09999999999999998,11699,0.0,0.0007476680912077427,0.6665243357884232,52,-0.036287758499383926,,,,,
1120,11800,59000,0.0001,0.2214333564043045,0.09999999999999998,11799,1.1920928955078125e-07,-0.0028607347048819065,0.5109591879901216,52,-0.04170180857181549,49.38224773861741,2.4695,11.806785379034798,219.69684000000004,2.4695
1123,11900,59500,0.0001,0.017137549817562103,0.09999999999999998,11899,5.960464477539063e-08,0.000954974559135735,0.6947899363524799,52,-0.04827161505818367,,,,,
1127,12000,60000,0.0001,0.0005207207286730409,1.699,11999,-0.002238154411315918,-0.00021377098164521158,1.6814286654431225,53,-0.05934173986315727,49.898479678706416,2.4443999999999995,11.928871564048288,215.26776,2.4443999999999995
1130,12100,60500,0.0001,0.00033005684963427484,1.6989999999999998,12099,-0.0005598068237304688,-0.00021232539438642561,1.700574734211179,53,-0.07023704797029495,,,,,
1133,12200,61000,0.0001,0.0009045152692124248,1.6989999999999994,12199,1.1920928955078125e-07,-0.00030527636408805847,1.7735147997587006,53,-0.06236109137535095,49.87001326715332,2.4432,11.93417591652802,215.04384,2.4432
1135,12300,61500,0.0001,0.0007413501152768731,1.6989999999999994,12299,2.384185791015625e-07,-0.00024804260465316474,1.7165327199914813,54,-0.05747517943382263,,,,,
1138,12400,62000,0.0001,0.0007028791005723178,1.6989999999999992,12399,3.5762786865234375e-07,-0.00020845777180511504,1.7171736264878703,54,-0.051192380487918854,50.11242792955207,2.4252,12.030871755193953,212.02128,2.4252
1142,12500,62500,0.0001,0.01784897968173027,0.09999999999999998,12499,0.0,0.0009514249977655709,0.6651566454385494,54,-0.048421911895275116,,,,,
1146,12600,63000,0.0001,0.020518764853477478,0.09999999999999998,12599,0.0,0.0010743195889517665,0.6560387097727246,54,-0.05082377791404724,50.39356624940387,2.4017,12.156697322881836,208.06884000000002,2.4017
1150,12700,63500,0.0001,8.15496332506882e-06,0.09999999999999998,12699,-0.01262974739074707,-2.68499043158954e-05,0.6492002580233561,55,-0.05982353165745735,,,,,
1153,12800,64000,0.0001,0.005630067549645901,1.699,12799,-0.0005441904067993164,-0.0007483352674171329,1.7175467858991338,55,-0.06295233219861984,50.228219321510316,2.4210999999999996,12.04806771411666,211.25628,2.4210999999999996
1156,12900,64500,0.0001,8.198200021070079e-07,1.6989999999999998,12899,-0.011524677276611328,1.3819299056194723e-05,1.7153444678824934,55,-0.08697371929883957,,,,,
1160,13000,65000,0.0001,0.021846022456884384,1.6989999999999994,12999,5.960464477539063e-08,0.0018263390520587564,1.6891789107590742,56,-0.0732317715883255,50.92171500936737,2.3778999999999995,12.272812889495448,203.88492,2.3778999999999995
1163,13100,65500,0.0001,0.019897721707820892,1.6989999999999994,13099,0.0,0.0012808430474251509,1.7794464741899656,56,-0.057768743485212326,,,,,
1166,13200,66000,0.0001,0.01695590279996395,1.6989999999999992,13199,0.0,0.0008798623457551003,1.784461337756548,56,-0.045843590050935745,51.12400801396836,2.3840999999999997,12.22826539416817,204.73956000000004,2.3840999999999997
1169,13300,66500,0.0001,0.0007913208683021367,0.09999999999999998,13299,0.0,-0.0001441725471522659,0.6492002580233561,56,-0.03726380690932274,,,,,
1172,13400,67000,0.0001,0.01688910648226738,0.09999999999999998,13399,0.0,0.0007603855920024216,0.6540190207899825,57,-0.042042333632707596,50.38710722814713,2.4145,12.08004118032209,210.09132,2.4145
1175,13500,67500,0.0001,0.005822167731821537,0.09999999999999998,13499,-0.0003358125686645508,-0.0008154787356033921,0.6295900730656274,57,-0.06727460771799088,,,,,
1179,13600,68000,0.0001,0.0701175332069397,1.699,13599,-9.655952453613281e-05,-0.0032696060370653868,1.758197006306022,57,-0.07485795766115189,50.835234678776644,2.3789,12.286700614967318,204.33203999999998,2.3789
1182,13700,68500,0.0001,0.00013592734467238188,1.6989999999999998,13699,3.5762786865234375e-07,-0.0002980866120196879,1.784917241323131,57,-0.1293453872203827,,,,,
1184,13800,69000,0.0001,0.007626009173691273,1.6989999999999994,13799,5.960464477539063e-08,-0.0012850075727328658,1.7708380838969817,58,-0.08353321254253387,50.700026707769446,2.4003999999999994,12.152395111290984,207.66528000000002,2.4003999999999994
1176,13900,69500,0.0001,0.005334210582077503,1.6989999999999994,13899,-1.1920928955078125e-07,-0.0007233617943711579,1.5808958248721148,59,-0.06204615905880928,,,,,
1176,14000,70000,0.0001,0.0012920055305585265,1.6989999999999992,13999,0.0,-0.05413377285003662,1.6982801796351747,59,-0.0586589090526104,51.51965527382056,2.3312,12.530706207590518,196.15103999999997,2.3312
1178,14100,70500,0.0001,0.056348107755184174,0.09999999999999998,14099,0.0,-0.0021488552447408438,0.602379746852177,59,-0.06282714754343033,,,,,
1182,14200,71000,0.0001,0.00020745031361002475,0.09999999999999998,14199,1.1920928955078125e-07,0.00011013345647370443,0.6492002580233561,60,-0.0532439760863781,51.52094724730229,2.334799999999999,12.51131691593899,196.74864,2.334799999999999
1185,14300,71500,0.0001,0.024961160495877266,0.09999999999999998,14299,6.443262100219727e-05,0.0018263946985825896,0.6856720006866551,60,-0.07313602417707443,,,,,
1188,14400,72000,0.0001,0.021818149834871292,1.699,14399,0.0001723766326904297,0.0024832813069224358,1.7858290269889552,60,-0.09721368551254272,50.684266768057384,2.3992999999999993,12.159903827811313,207.50652000000002,2.3992999999999993
1189,14500,72500,0.0001,3.888306764565641e-06,1.6989999999999998,14499,-0.005231738090515137,6.622393266297877e-05,1.5713920333413263,60,-0.1606021672487259,,,,,
1189,14600,73000,0.0001,0.002273139776661992,1.6989999999999994,14599,1.6450881958007812e-05,0.03895431384444237,1.6285464544764832,61,-0.09881822019815445,51.557089112850576,2.347,12.429198966325178,198.53784,2.347
1188,14700,73500,0.0001,0.023465801030397415,1.6989999999999994,14699,0.0,0.0014752760762348771,1.6331019248000962,61,-0.06275657564401627,,,,,
1190,14800,74000,0.0001,0.002058723010122776,1.6989999999999992,14799,0.0,-0.00038834530278109014,1.6390096216745513,62,-0.05929310992360115,51.309057609186446,2.352,12.414201317931635,199.57824000000002,2.352
1193,14900,74500,0.0001,0.0004951116861775517,0.09999999999999998,14899,2.384185791015625e-07,0.00017365541134495288,0.6492002580233561,62,-0.0552167184650898,,,,,
1196,15000,75000,0.0001,0.00017058092635124922,0.09999999999999998,14999,5.960464477539063e-08,9.25875356188044e-05,0.687039691036529,62,-0.050524502992630005,50.110447128818016,2.417,12.080930898855819,210.744,2.417
1200,15100,75500,0.0001,0.05873845890164375,0.09999999999999998,15099,-1.1920928955078125e-07,-0.001841446734033525,0.5734514634178711,62,-0.05315835401415825,,,,,
1203,15200,76000,0.0001,1.8248358173877932e-05,1.699,15199,-0.0060100555419921875,-5.6685792515054345e-05,1.7206357875423646,63,-0.08089441061019897,50.38113668151071,2.4135,12.091490437490739,210.01644,2.4135
1206,15300,76500,0.0001,0.0038799471221864223,1.6989999999999998,15299,0.0,-0.06322018802165985,1.6644976438650139,63,-0.15793338418006897,,,,,
1208,15400,77000,0.0001,0.02294953726232052,1.6989999999999994,15399,-1.1920928955078125e-07,0.0018533315742388368,1.692826085025404,63,-0.07545264065265656,51.36945911241777,2.3478,12.442140424607746,198.93959999999998,2.3478
1211,15500,77500,0.0001,0.06584946066141129,1.6989999999999994,15499,0.0,-0.0021563773043453693,1.6333061916576832,63,-0.05807582288980484,,,,,
1212,15600,78000,0.0001,0.0046916538849473,1.6989999999999992,15599,0.0,-0.000553328893147409,1.7393711576530257,64,-0.05708526819944382,50.50636387748024,2.3977999999999997,12.200940096677257,207.73584,2.3977999999999997
1214,15700,78500,0.0001,0.004892545752227306,0.09999999999999998,15699,0.0,-0.0009349167230539024,0.6683228099357517,64,-0.08612993359565735,,,,,
1216,15800,79000,0.0001,0.00012804250582121313,0.09999999999999998,15799,5.960464477539063e-08,0.00010041789209935814,0.6492002580233561,64,-0.06073205918073654,49.74898623773337,2.4327,12.018641360690992,213.74892000000003,2.4327
1219,15900,79500,0.0001,0.002253023674711585,0.09999999999999998,15899,0.0,-0.000341622915584594,0.6081763766020504,65,-0.05129305645823479,,,,,
1221,16000,80000,0.0001,0.002451164647936821,1.699,15999,-0.0010329484939575195,-0.0005485822330228984,1.702696695852501,65,-0.07111222296953201,50.433410300653804,2.4064,12.131317522721442,208.87128,2.4064
1224,16100,80500,0.0001,0.02773698791861534,1.6989999999999998,16099,-9.191036224365234e-05,0.004234940744936466,1.7355614468730727,65,-0.13231679797172546,,,,,
1226,16200,81000,0.0001,0.025118693709373474,1.6989999999999994,16199,0.0,0.0014900434762239456,1.6955614657251514,66,-0.06227726489305496,50.471829926916854,2.4012,12.15819171760269,207.9648,2.4012
1229,16300,81500,0.0001,0.06256657093763351,1.6989999999999994,16299,0.0,-0.31949663162231445,1.6916137632978914,66,-0.05227217078208923,,,,,
1231,16400,82000,0.0001,3.5937409847974777e-07,1.6989999999999992,16399,0.0013020634651184082,-4.15123940911144e-06,1.7101501654431233,66,-0.05021248012781143,49.93500138900637,2.4334,11.995588789995224,213.54335999999998,2.4334
1234,16500,82500,0.0001,2.6813115255208686e-05,0.09999999999999998,16499,7.808208465576172e-06,3.942674447898753e-05,0.6492002580233561,66,-0.05458299070596695,,,,,
1236,16600,83000,0.0001,0.060503698885440826,0.09999999999999998,16599,0.0,-0.002914619632065296,0.6102788726602536,67,-0.07510481029748917,49.33200805908568,2.4615,11.855382525862773,218.44835999999998,2.4615
1239,16700,83500,0.0001,0.023102570325136185,0.09999999999999998,16699,3.343820571899414e-05,0.001047047320753336,0.6947899363524799,67,-0.04921053722500801,,,,,
1241,16800,84000,0.0001,0.020676176995038986,1.699,16799,0.0003559589385986328,0.001390898134559393,1.7981382469889553,67,-0.06379266083240509,51.162732742895614,2.3770999999999995,12.268826283101603,203.61204,2.3770999999999995
1243,16900,84500,0.0001,0.00014895893400534987,1.6989999999999998,16899,7.748603820800781e-07,-0.00037489450187422335,1.7860201113231309,67,-0.15129663050174713,,,,,
1245,17000,85000,0.0001,0.0003585992963053286,1.6989999999999994,16999,5.960464477539062e-07,-0.0001864604710135609,1.755454931125832,68,-0.06310392171144485,50.00244862843452,2.437,11.96500157790749,213.96240000000003,2.437
1247,17100,85500,0.0001,0.006373134441673756,1.6989999999999994,17099,0.0,-0.0005036426009610295,1.754528075397895,68,-0.0461304597556591,,,,,
1249,17200,86000,0.0001,0.015211828052997589,1.6989999999999992,17199,-1.1920928955078125e-07,0.0007674064254388213,1.7856966205231748,68,-0.04570329561829567,49.79040037223544,2.4488999999999996,11.909417940655068,216.1062,2.4488999999999996
1252,17300,86500,0.0001,0.0795389786362648,0.09999999999999998,17299,0.0,-0.0026165226008743048,0.5989348052408109,69,-0.06351445615291595,,,,,
1254,17400,87000,0.0001,0.0070255352184176445,0.09999999999999998,17399,-1.1920928955078125e-07,-0.0006028449279256165,0.6295900730656274,69,-0.04981343075633049,51.75359468262758,2.3312999999999997,12.52335378556393,196.04483999999997,2.3312999999999997
1256,17500,87500,0.0001,0.052709631621837616,0.09999999999999998,17499,0.0,-0.2894807755947113,0.6670165077596738,69,-0.040014516562223434,,,,,
1258,17600,88000,0.0001,0.019667742773890495,1.699,17599,0.00025475025177001953,0.0010804550256580114,1.6982550635483176,69,-0.0544971227645874,50.40251605450657,2.4085999999999994,12.113801613572615,209.13552,2.4085999999999994
1261,17700,88500,0.0001,0.021702777594327927,1.6989999999999998,17699,0.0,0.0061904629692435265,1.7097645192238884,70,-0.1952623724937439,,,,,
1263,17800,89000,0.0001,0.004161540884524584,1.6989999999999994,17799,0.0,-0.0005326434038579464,1.6798584383735855,70,-0.056598734110593796,49.651681957900976,2.446,11.932819929967481,215.75376,2.446
1265,17900,89500,0.0001,5.114269515615888e-05,1.6989999999999994,17899,1.0728836059570312e-06,4.947117486153729e-05,1.5443264650558435,70,-0.04997798800468445,,,,,
1267,18000,90000,0.0001,0.16503150761127472,1.6989999999999992,17999,0.0,-0.5748707056045532,1.6652618964927604,71,-0.04757096990942955,50.07973480403499,2.4138999999999995,12.112970461531589,210.49883999999997,2.4138999999999995
1269,18100,90500,0.0001,0.1628471165895462,0.09999999999999998,18099,0.0,-0.008111020550131798,0.5589097001866878,71,-0.11474531888961792,,,,,
1271,18200,91000,0.0001,0.0015049428911879659,0.09999999999999998,18199,0.0,-0.00040443887701258063,0.5827114402669855,71,-0.06606050580739975,49.966547995952496,2.4162,12.112441155428721,211.04352000000003,2.4162
1273,18300,91500,0.0001,0.02630249597132206,0.09999999999999998,18299,0.0,0.0008614241378381848,0.6637889550886757,71,-0.03990448638796806,,,,,
1275,18400,92000,0.0001,0.20368850231170654,1.699,18399,-5.6624412536621094e-05,-0.003465889487415552,1.548341466920143,72,-0.05394589155912399,50.36802851306224,2.4187,12.060046284418968,210.84444,2.4187
1277,18500,92500,0.0001,8.596000407123938e-05,1.6989999999999998,18499,0.0010962486267089844,0.01626746915280819,1.685075839709453,72,-0.18804201483726501,,,,,
1279,18600,93000,0.0001,0.061771176755428314,1.6989999999999994,18599,-1.1920928955078125e-07,-0.0012416272656992078,1.7701286722021279,72,-0.037559933960437775,49.92306762355675,2.4323999999999995,12.0032755683396,213.41807999999997,2.4323999999999995
1281,18700,93500,0.0001,0.025482838973402977,1.6989999999999994,18699,0.0,0.0007175162900239229,1.669572073173918,72,-0.03460032492876053,,,,,
1282,18800,94000,0.0001,0.00018715231271926314,1.6989999999999992,18799,6.556510925292969e-07,5.515508746611886e-05,1.6481550503011548,73,-0.03154393285512924,50.82118738445461,2.3783,12.287342371548498,204.21324,2.3783
1284,18900,94500,0.0001,0.02498587593436241,0.09999999999999998,18899,0.0,0.0008841141243465245,0.693422246002606,73,-0.04168587177991867,,,,,
1286,19000,95000,0.0001,0.022416558116674423,0.09999999999999998,18999,0.0,0.000639348232652992,0.6947899363524799,73,-0.032446909695863724,51.26728109202307,2.3688999999999996,12.316396842978863,202.28868000000003,2.3688999999999996
1288,19100,95500,0.0001,0.016553688794374466,0.09999999999999998,19099,0.0001189112663269043,0.0003938388545066118,0.6947899363524799,74,-0.02482108771800995,,,,,
1290,19200,96000,0.0001,0.000863589346408844,1.699,19199,-0.0026139020919799805,-0.00013968264102004468,1.6814286654431225,74,-0.03563858941197395,50.574852916876075,2.4202,12.042150185222956,210.92328000000003,2.4202
1292,19300,96500,0.0001,0.01281285285949707,1.6989999999999998,19299,0.0,0.0063692135736346245,1.6868307111613132,74,-0.2263481318950653,,,,,
1294,19400,97000,0.0001,0.01087880413979292,1.6989999999999994,19399,0.0,-0.00041862958460114896,1.767308254971129,74,-0.029913445934653282,50.771520637791674,2.4006999999999996,12.145669512444554,207.63396000000003,2.4006999999999996
1296,19500,97500,0.0001,0.21080374717712402,1.6989999999999994,19499,0.0,-0.0014483274426311255,1.648066847098367,75,-0.02549922466278076,,,,,
1298,19600,98000,0.0001,0.007483647670596838,1.6989999999999992,19599,5.960464477539063e-08,-0.00032575224759057164,1.6359866900831543,75,-0.02951841428875923,51.77944853812641,2.3244000000000002,12.567796261959447,194.99256,2.3244000000000002
1300,19700,98500,0.0001,0.06514887511730194,0.09999999999999998,19699,0.0,-0.0014067317824810743,0.5970104183207954,75,-0.041645199060440063,,,,,
1301,19800,99000,0.0001,9.784430585568771e-05,0.09999999999999998,19799,2.205371856689453e-06,3.556491719791666e-05,0.6884073813864027,76,-0.028477778658270836,52.85104614368046,2.244,13.00591029297879,181.59263999999996,2.244
1303,19900,99500,0.0001,0.0003183441294822842,0.09999999999999998,19899,0.0028586387634277344,6.708042201353237e-05,0.6738186843210829,76,-0.02957889810204506,,,,,
1305,20000,100000,0.0001,0.05185069516301155,1.699,19999,-0.0008535385131835938,-0.0008726759115234017,1.6285293668042746,76,-0.0300374124199152,51.576284848580315,2.3247000000000004,12.579781033419811,195.26003999999998,2.3247000000000004
